session_id,tick,damage,is_crit,enemy_type
1778191106_2824,1,25,0,Skeleton
1778191106_2824,2,21,0,Slime
1778191106_2824,3,34,0,Skeleton
1778191106_2824,4,26,0,Skeleton
1778191106_2824,5,43,0,Skeleton
1778191106_2824,6,40,0,Slime
1778191106_2824,7,32,0,Bat
1778191106_2824,8,38,1,Skeleton
1778191106_2824,9,33,1,Skeleton
1778191106_2824,10,25,0,Wolf
1778191106_2824,11,41,0,Skeleton
1778191106_2824,12,25,0,Skeleton
1778191106_2824,13,36,0,Slime
1778191106_2824,14,43,0,Wolf
1778191106_2824,15,25,0,Skeleton
1778191106_2824,16,32,0,Wolf
1778191106_2824,17,24,0,Wolf
1778191106_2824,18,12,0,Skeleton
1778191106_2824,19,30,0,Skeleton
1778191106_2824,20,36,0,Bat
1778191106_2824,21,13,0,Skeleton
1778191106_2824,22,50,0,Skeleton
1778191106_2824,23,33,0,Skeleton
1778191106_2824,24,21,0,Wolf
1778191106_2824,25,52,1,Wolf
1778191106_2824,26,33,0,Bat
1778191106_2824,27,24,0,Bat
1778191106_2824,28,27,0,Slime
1778191106_2824,29,31,0,Skeleton
1778191106_2824,30,28,0,Skeleton
1778191106_2824,31,43,0,Skeleton
1778191106_2824,32,42,0,Wolf
1778191106_2824,33,28,0,Wolf
1778191106_2824,34,33,0,Wolf
1778191106_2824,35,13,0,Slime
1778191106_2824,36,28,0,Bat
1778191106_2824,37,61,0,Skeleton
1778191106_2824,38,37,0,Wolf
1778191106_2824,39,54,0,Bat
1778191106_2824,40,13,0,Wolf
1778191106_2824,41,43,0,Skeleton
1778191106_2824,42,43,0,Bat
1778191106_2824,43,60,0,Wolf
1778191106_2824,44,27,0,Bat
1778191106_2824,45,51,0,Bat
1778191106_2824,46,33,0,Wolf
1778191106_2824,47,36,0,Wolf
1778191106_2824,48,78,1,Slime
1778191106_2824,49,37,0,Slime
1778191106_2824,50,59,0,Skeleton
1778191106_2824,51,29,0,Bat
1778191106_2824,52,26,0,Bat
1778191106_2824,53,36,0,Bat
1778191106_2824,54,26,0,Bat
1778191106_2824,55,15,0,Slime
1778191106_2824,56,85,1,Slime
1778191106_2824,57,34,0,Bat
1778191106_2824,58,41,0,Bat
1778191106_2824,59,33,0,Slime
1778191106_2824,60,149,1,Slime
1778191106_2824,61,60,0,Wolf
1778191106_2824,62,28,0,Bat
1778191106_2824,63,74,1,Bat
1778191106_2824,64,45,0,Bat
1778191106_2824,65,29,0,Bat
1778191106_2824,66,51,0,Skeleton
1778191106_2824,67,34,0,Slime
1778191106_2824,68,37,0,Slime
1778191106_2824,69,46,0,Wolf
1778191106_2824,70,81,1,Wolf
1778191106_2824,71,37,0,Bat
1778191106_2824,72,35,0,Wolf
1778191106_2824,73,30,0,Skeleton
1778191106_2824,74,32,0,Wolf
1778191106_2824,75,28,0,Wolf
1778194706_5915,1,34,0,Wolf
1778194706_5915,2,27,0,Slime
1778194706_5915,3,54,0,Skeleton
1778194706_5915,4,53,0,Skeleton
1778194706_5915,5,43,0,Slime
1778194706_5915,6,46,0,Wolf
1778194706_5915,7,37,0,Wolf
1778194706_5915,8,34,0,Skeleton
1778194706_5915,9,17,0,Slime
1778194706_5915,10,61,0,Slime
1778194706_5915,11,56,0,Wolf
1778194706_5915,12,38,0,Bat
1778194706_5915,13,37,0,Slime
1778194706_5915,14,77,0,Slime
1778194706_5915,15,62,0,Wolf
1778194706_5915,16,42,0,Slime
1778194706_5915,17,49,0,Wolf
1778194706_5915,18,36,0,Bat
1778194706_5915,19,24,0,Wolf
1778194706_5915,20,57,0,Wolf
1778194706_5915,21,41,0,Slime
1778194706_5915,22,62,0,Bat
1778194706_5915,23,80,0,Wolf
1778194706_5915,24,43,0,Slime
1778194706_5915,25,75,0,Wolf
1778194706_5915,26,58,0,Wolf
1778194706_5915,27,81,0,Wolf
1778194706_5915,28,84,1,Skeleton
1778194706_5915,29,54,0,Bat
1778194706_5915,30,33,0,Slime
1778194706_5915,31,18,0,Skeleton
1778194706_5915,32,65,0,Slime
1778194706_5915,33,84,0,Skeleton
1778194706_5915,34,45,0,Slime
1778194706_5915,35,32,0,Wolf
1778194706_5915,36,112,1,Wolf
1778194706_5915,37,72,0,Slime
1778194706_5915,38,82,0,Slime
1778194706_5915,39,35,0,Skeleton
1778194706_5915,40,22,0,Skeleton
1778194706_5915,41,45,0,Wolf
1778194706_5915,42,12,0,Wolf
1778194706_5915,43,65,0,Skeleton
1778194706_5915,44,21,0,Wolf
1778194706_5915,45,64,0,Skeleton
1778198306_8618,1,92,1,Slime
1778198306_8618,2,28,0,Wolf
1778198306_8618,3,32,0,Wolf
1778198306_8618,4,22,0,Slime
1778198306_8618,5,53,0,Bat
1778198306_8618,6,19,0,Bat
1778198306_8618,7,43,0,Bat
1778198306_8618,8,37,0,Bat
1778198306_8618,9,16,0,Bat
1778198306_8618,10,3,0,Bat
1778198306_8618,11,42,0,Bat
1778198306_8618,12,21,0,Wolf
1778198306_8618,13,39,0,Bat
1778198306_8618,14,26,0,Skeleton
1778198306_8618,15,16,0,Skeleton
1778198306_8618,16,41,0,Slime
1778198306_8618,17,40,0,Wolf
1778198306_8618,18,85,1,Bat
1778198306_8618,19,27,0,Slime
1778198306_8618,20,38,0,Bat
1778198306_8618,21,5,0,Bat
1778198306_8618,22,38,0,Bat
1778198306_8618,23,15,0,Wolf
1778198306_8618,24,29,0,Skeleton
1778198306_8618,25,31,0,Bat
1778198306_8618,26,35,0,Bat
1778198306_8618,27,64,0,Bat
1778198306_8618,28,18,0,Slime
1778198306_8618,29,45,0,Wolf
1778198306_8618,30,84,1,Wolf
1778198306_8618,31,24,0,Skeleton
1778198306_8618,32,37,0,Bat
1778198306_8618,33,74,1,Skeleton
1778198306_8618,34,39,0,Slime
1778198306_8618,35,38,0,Wolf
1778198306_8618,36,17,0,Slime
1778198306_8618,37,28,0,Slime
1778198306_8618,38,28,0,Wolf
1778198306_8618,39,25,0,Slime
1778198306_8618,40,36,0,Wolf
1778198306_8618,41,80,1,Bat
1778198306_8618,42,33,0,Wolf
1778198306_8618,43,51,0,Slime
1778198306_8618,44,43,0,Skeleton
1778201906_2983,1,40,0,FireImp
1778201906_2983,2,42,0,StormMage
1778201906_2983,3,12,0,Golem
1778201906_2983,4,40,0,Wolf
1778201906_2983,5,33,0,Harpy
1778201906_2983,6,49,0,StormMage
1778201906_2983,7,40,0,FireImp
1778201906_2983,8,29,0,FireImp
1778201906_2983,9,21,0,Bat
1778201906_2983,10,30,0,StormMage
1778201906_2983,11,27,0,StormMage
1778201906_2983,12,32,0,Slime
1778201906_2983,13,43,0,FireImp
1778201906_2983,14,40,0,Golem
1778201906_2983,15,20,0,Golem
1778201906_2983,16,38,0,StormMage
1778201906_2983,17,34,0,Bat
1778201906_2983,18,45,0,Skeleton
1778201906_2983,19,43,0,FireImp
1778201906_2983,20,54,0,Bat
1778201906_2983,21,32,0,Skeleton
1778201906_2983,22,47,0,Slime
1778201906_2983,23,17,0,StormMage
1778201906_2983,24,29,0,Slime
1778201906_2983,25,23,0,Skeleton
1778201906_2983,26,29,0,FireImp
1778201906_2983,27,49,0,Harpy
1778201906_2983,28,30,0,Slime
1778201906_2983,29,49,0,Wolf
1778201906_2983,30,54,0,Wolf
1778201906_2983,31,23,0,Bat
1778201906_2983,32,31,0,Harpy
1778201906_2983,33,22,0,Harpy
1778201906_2983,34,39,0,Slime
1778201906_2983,35,19,0,Bat
1778201906_2983,36,22,0,FireImp
1778201906_2983,37,31,0,Wolf
1778201906_2983,38,29,0,Harpy
1778201906_2983,39,19,0,Bat
1778201906_2983,40,40,0,FireImp
1778201906_2983,41,31,0,FireImp
1778201906_2983,42,22,0,Bat
1778201906_2983,43,21,0,FireImp
1778201906_2983,44,42,0,Wolf
1778201906_2983,45,56,0,FireImp
1778201906_2983,46,43,0,StormMage
1778201906_2983,47,28,0,StormMage
1778201906_2983,48,17,0,Slime
1778201906_2983,49,51,0,Slime
1778201906_2983,50,22,0,Slime
1778201906_2983,51,54,0,Slime
1778201906_2983,52,35,0,Skeleton
1778201906_2983,53,17,0,Skeleton
1778201906_2983,54,39,0,Harpy
1778201906_2983,55,26,0,Golem
1778201906_2983,56,24,0,Golem
1778201906_2983,57,23,0,StormMage
1778201906_2983,58,14,0,Harpy
1778201906_2983,59,41,0,Golem
1778201906_2983,60,21,0,Wolf
1778201906_2983,61,48,0,Slime
1778201906_2983,62,33,0,StormMage
1778201906_2983,63,28,0,StormMage
1778201906_2983,64,39,0,Slime
1778201906_2983,65,40,0,StormMage
1778201906_2983,66,50,0,StormMage
1778201906_2983,67,60,0,Bat
1778201906_2983,68,59,0,FireImp
1778201906_2983,69,20,0,Wolf
1778201906_2983,70,30,0,Wolf
1778201906_2983,71,31,0,FireImp
1778201906_2983,72,30,0,FireImp
1778201906_2983,73,23,0,StormMage
1778201906_2983,74,43,0,Harpy
1778201906_2983,75,41,0,Skeleton
1778205506_2143,1,63,0,Bat
1778205506_2143,2,31,0,Wolf
1778205506_2143,3,48,0,Wolf
1778205506_2143,4,54,0,Bat
1778205506_2143,5,31,0,Bat
1778205506_2143,6,26,0,Wolf
1778205506_2143,7,59,0,Slime
1778205506_2143,8,72,0,Slime
1778205506_2143,9,72,0,Bat
1778205506_2143,10,134,1,Wolf
1778205506_2143,11,150,1,Skeleton
1778205506_2143,12,31,0,Skeleton
1778205506_2143,13,64,0,Bat
1778205506_2143,14,65,0,Bat
1778205506_2143,15,38,0,Slime
1778205506_2143,16,35,0,Skeleton
1778205506_2143,17,36,0,Slime
1778205506_2143,18,37,0,Slime
1778205506_2143,19,47,0,Skeleton
1778205506_2143,20,48,0,Skeleton
1778205506_2143,21,41,0,Bat
1778205506_2143,22,55,0,Wolf
1778205506_2143,23,59,0,Slime
1778205506_2143,24,32,0,Bat
1778205506_2143,25,34,0,Wolf
1778205506_2143,26,46,0,Slime
1778205506_2143,27,66,0,Bat
1778205506_2143,28,63,0,Bat
1778205506_2143,29,30,0,Skeleton
1778205506_2143,30,33,0,Skeleton
1778205506_2143,31,31,0,Bat
1778205506_2143,32,48,0,Skeleton
1778205506_2143,33,38,0,Skeleton
1778205506_2143,34,73,0,Slime
1778205506_2143,35,48,0,Slime
1778205506_2143,36,65,0,Skeleton
1778205506_2143,37,30,0,Wolf
1778205506_2143,38,32,0,Skeleton
1778205506_2143,39,35,0,Wolf
1778205506_2143,40,21,0,Skeleton
1778205506_2143,41,20,0,Slime
1778205506_2143,42,44,1,Bat
1778205506_2143,43,32,0,Wolf
1778205506_2143,44,51,0,Skeleton
1778205506_2143,45,13,0,Skeleton
1778205506_2143,46,76,0,Skeleton
1778205506_2143,47,25,0,Skeleton
1778205506_2143,48,116,1,Wolf
1778205506_2143,49,27,0,Bat
1778205506_2143,50,71,0,Bat
1778205506_2143,51,82,1,Bat
1778205506_2143,52,26,0,Bat
1778209106_7086,1,34,0,Slime
1778209106_7086,2,38,0,Bat
1778209106_7086,3,33,0,Bat
1778209106_7086,4,12,0,Slime
1778209106_7086,5,16,0,Bat
1778209106_7086,6,30,0,Wolf
1778209106_7086,7,21,0,Wolf
1778209106_7086,8,26,0,Skeleton
1778209106_7086,9,39,1,Slime
1778209106_7086,10,74,1,Slime
1778209106_7086,11,36,1,Wolf
1778209106_7086,12,25,0,Wolf
1778209106_7086,13,18,0,Wolf
1778209106_7086,14,21,0,Slime
1778209106_7086,15,28,0,Wolf
1778209106_7086,16,34,0,Slime
1778209106_7086,17,23,0,Slime
1778209106_7086,18,29,0,Skeleton
1778209106_7086,19,57,1,Wolf
1778209106_7086,20,23,0,Bat
1778209106_7086,21,13,0,Skeleton
1778209106_7086,22,19,0,Slime
1778209106_7086,23,23,0,Skeleton
1778209106_7086,24,6,1,Bat
1778209106_7086,25,29,0,Slime
1778209106_7086,26,9,1,Wolf
1778209106_7086,27,47,1,Skeleton
1778209106_7086,28,15,0,Bat
1778209106_7086,29,31,0,Slime
1778209106_7086,30,31,0,Wolf
1778209106_7086,31,14,0,Wolf
1778209106_7086,32,10,0,Slime
1778209106_7086,33,31,0,Skeleton
1778209106_7086,34,19,0,Bat
1778209106_7086,35,38,1,Slime
1778209106_7086,36,11,0,Wolf
1778209106_7086,37,29,0,Skeleton
1778209106_7086,38,19,0,Bat
1778209106_7086,39,16,0,Slime
1778209106_7086,40,34,0,Wolf
1778209106_7086,41,21,0,Bat
1778209106_7086,42,24,0,Skeleton
1778209106_7086,43,27,0,Skeleton
1778209106_7086,44,10,0,Slime
1778209106_7086,45,17,0,Skeleton
1778209106_7086,46,30,0,Skeleton
1778209106_7086,47,25,0,Wolf
1778209106_7086,48,31,0,Wolf
1778209106_7086,49,15,0,Slime
1778212706_2503,1,44,0,StormMage
1778212706_2503,2,39,0,Bat
1778212706_2503,3,33,0,FireImp
1778212706_2503,4,27,0,StormMage
1778212706_2503,5,23,0,Slime
1778212706_2503,6,62,1,Bat
1778212706_2503,7,35,0,Wolf
1778212706_2503,8,30,1,Skeleton
1778212706_2503,9,43,0,Golem
1778212706_2503,10,103,1,Slime
1778212706_2503,11,42,1,Harpy
1778212706_2503,12,38,0,Harpy
1778212706_2503,13,30,0,Skeleton
1778212706_2503,14,44,0,StormMage
1778212706_2503,15,109,1,Bat
1778212706_2503,16,10,0,Harpy
1778212706_2503,17,21,0,Golem
1778212706_2503,18,31,0,Skeleton
1778212706_2503,19,47,0,Bat
1778212706_2503,20,40,0,Golem
1778212706_2503,21,15,0,Skeleton
1778212706_2503,22,56,0,Skeleton
1778212706_2503,23,32,0,Wolf
1778212706_2503,24,40,0,StormMage
1778212706_2503,25,18,0,Golem
1778212706_2503,26,36,0,Golem
1778212706_2503,27,35,0,FireImp
1778212706_2503,28,36,0,Slime
1778212706_2503,29,30,0,Slime
1778212706_2503,30,85,1,Wolf
1778212706_2503,31,28,1,Harpy
1778212706_2503,32,7,0,Slime
1778212706_2503,33,13,0,Golem
1778212706_2503,34,39,0,Skeleton
1778212706_2503,35,45,0,Golem
1778212706_2503,36,29,0,Wolf
1778212706_2503,37,26,0,StormMage
1778212706_2503,38,33,0,Skeleton
1778212706_2503,39,16,0,Golem
1778212706_2503,40,52,0,Slime
1778212706_2503,41,69,1,Harpy
1778212706_2503,42,16,0,Skeleton
1778212706_2503,43,25,0,Golem
1778212706_2503,44,46,0,Harpy
1778212706_2503,45,98,1,Golem
1778212706_2503,46,46,0,Wolf
1778212706_2503,47,25,0,Golem
1778212706_2503,48,23,0,Bat
1778212706_2503,49,22,0,Skeleton
1778212706_2503,50,49,0,FireImp
1778212706_2503,51,36,0,Slime
1778212706_2503,52,28,0,Skeleton
1778212706_2503,53,27,0,Skeleton
1778212706_2503,54,29,0,Slime
1778212706_2503,55,18,0,StormMage
1778212706_2503,56,42,0,StormMage
1778212706_2503,57,34,0,StormMage
1778212706_2503,58,41,0,Bat
1778212706_2503,59,14,0,StormMage
1778212706_2503,60,54,0,Harpy
1778212706_2503,61,21,0,Bat
1778212706_2503,62,33,0,Skeleton
1778212706_2503,63,35,0,Golem
1778212706_2503,64,30,0,Wolf
1778212706_2503,65,29,0,Wolf
1778212706_2503,66,19,0,FireImp
1778212706_2503,67,19,0,Wolf
1778212706_2503,68,37,0,Bat
1778212706_2503,69,43,0,Harpy
1778212706_2503,70,23,1,Bat
1778212706_2503,71,29,0,Golem
1778212706_2503,72,36,0,Golem
1778212706_2503,73,34,0,StormMage
1778216306_3273,1,25,0,Bat
1778216306_3273,2,14,0,Wolf
1778216306_3273,3,40,0,StormMage
1778216306_3273,4,29,0,Bat
1778216306_3273,5,29,0,FireImp
1778216306_3273,6,17,0,Harpy
1778216306_3273,7,37,0,GunnerElite
1778216306_3273,8,121,1,EliteHybrid
1778216306_3273,9,46,0,EliteHybrid
1778216306_3273,10,20,0,GunnerElite
1778216306_3273,11,27,0,Golem
1778216306_3273,12,30,0,Golem
1778216306_3273,13,32,0,GunnerElite
1778216306_3273,14,18,0,Golem
1778216306_3273,15,17,0,Golem
1778216306_3273,16,11,0,GunnerElite
1778216306_3273,17,25,0,SniperElite
1778216306_3273,18,24,0,SniperElite
1778216306_3273,19,31,0,StormMage
1778216306_3273,20,38,0,Slime
1778216306_3273,21,32,0,FireImp
1778216306_3273,22,1,0,FireImp
1778216306_3273,23,60,1,FireImp
1778216306_3273,24,19,0,Golem
1778216306_3273,25,45,0,Golem
1778216306_3273,26,20,0,Harpy
1778216306_3273,27,35,0,Skeleton
1778216306_3273,28,18,0,EliteHybrid
1778216306_3273,29,31,0,Wolf
1778216306_3273,30,30,0,Skeleton
1778216306_3273,31,26,0,Golem
1778216306_3273,32,38,0,StormMage
1778216306_3273,33,36,0,Harpy
1778216306_3273,34,36,0,SniperElite
1778216306_3273,35,41,0,Golem
1778216306_3273,36,22,0,Slime
1778216306_3273,37,51,1,Golem
1778216306_3273,38,12,0,Slime
1778216306_3273,39,29,0,Wraith
1778216306_3273,40,25,0,Bat
1778216306_3273,41,20,0,Golem
1778216306_3273,42,24,1,StormMage
1778216306_3273,43,51,0,Golem
1778216306_3273,44,26,0,Golem
1778216306_3273,45,32,0,GunnerElite
1778216306_3273,46,50,1,EliteHybrid
1778216306_3273,47,58,0,EliteHybrid
1778216306_3273,48,44,0,Bat
1778216306_3273,49,43,0,FireImp
1778219906_9047,1,71,0,Wolf
1778219906_9047,2,30,0,Wolf
1778219906_9047,3,63,0,Bat
1778219906_9047,4,135,1,Skeleton
1778219906_9047,5,1,0,Slime
1778219906_9047,6,133,1,Bat
1778219906_9047,7,22,0,Slime
1778219906_9047,8,48,0,Skeleton
1778219906_9047,9,41,0,Skeleton
1778219906_9047,10,37,0,Wolf
1778219906_9047,11,55,0,Slime
1778219906_9047,12,44,0,Wolf
1778219906_9047,13,50,0,Wolf
1778219906_9047,14,64,0,Skeleton
1778219906_9047,15,62,0,Skeleton
1778219906_9047,16,42,0,Skeleton
1778219906_9047,17,47,0,Wolf
1778219906_9047,18,48,0,Skeleton
1778219906_9047,19,67,0,Slime
1778219906_9047,20,81,1,Skeleton
1778219906_9047,21,35,0,Slime
1778219906_9047,22,27,0,Skeleton
1778219906_9047,23,43,0,Bat
1778219906_9047,24,41,0,Slime
1778219906_9047,25,49,0,Bat
1778219906_9047,26,43,0,Wolf
1778219906_9047,27,42,0,Skeleton
1778219906_9047,28,81,0,Wolf
1778219906_9047,29,55,0,Wolf
1778219906_9047,30,31,0,Skeleton
1778219906_9047,31,108,1,Bat
1778219906_9047,32,57,0,Wolf
1778219906_9047,33,71,0,Wolf
1778219906_9047,34,13,0,Bat
1778219906_9047,35,75,0,Bat
1778219906_9047,36,130,1,Bat
1778219906_9047,37,66,0,Slime
1778219906_9047,38,51,0,Bat
1778219906_9047,39,53,0,Wolf
1778219906_9047,40,56,0,Skeleton
1778219906_9047,41,55,0,Wolf
1778219906_9047,42,36,0,Skeleton
1778219906_9047,43,74,0,Skeleton
1778219906_9047,44,63,0,Slime
1778219906_9047,45,59,0,Skeleton
1778219906_9047,46,60,0,Skeleton
1778219906_9047,47,54,0,Slime
1778219906_9047,48,77,1,Skeleton
1778219906_9047,49,61,0,Wolf
1778223506_6373,1,33,0,MissileElite
1778223506_6373,2,25,0,Slime
1778223506_6373,3,38,0,EliteHybrid
1778223506_6373,4,90,0,StormMage
1778223506_6373,5,49,0,Elder Treant
1778223506_6373,6,69,0,BurstElite
1778223506_6373,7,80,0,StormMage
1778223506_6373,8,103,0,Slime
1778223506_6373,9,65,0,MissileElite
1778223506_6373,10,73,0,Elder Treant
1778223506_6373,11,81,0,Wolf
1778223506_6373,12,49,0,Elder Treant
1778223506_6373,13,33,0,GunnerElite
1778223506_6373,14,77,0,SniperElite
1778223506_6373,15,50,0,EliteHybrid
1778223506_6373,16,46,0,Wraith
1778223506_6373,17,48,0,Wraith
1778223506_6373,18,60,0,Elder Treant
1778223506_6373,19,25,0,SniperElite
1778223506_6373,20,13,0,Wraith
1778223506_6373,21,39,0,BurstElite
1778223506_6373,22,72,0,FireImp
1778223506_6373,23,44,0,Wraith
1778223506_6373,24,64,0,EliteHybrid
1778223506_6373,25,54,0,Harpy
1778223506_6373,26,63,0,EliteHybrid
1778223506_6373,27,79,0,StormMage
1778223506_6373,28,57,0,StormMage
1778223506_6373,29,177,1,Elder Treant
1778223506_6373,30,181,1,Golem
1778223506_6373,31,76,0,Elder Treant
1778223506_6373,32,43,0,GunnerElite
1778223506_6373,33,58,0,Wolf
1778223506_6373,34,63,0,Wolf
1778223506_6373,35,51,0,Golem
1778223506_6373,36,23,0,Wolf
1778223506_6373,37,75,0,BurstElite
1778223506_6373,38,59,0,Wraith
1778223506_6373,39,44,0,Slime
1778223506_6373,40,48,0,GunnerElite
1778223506_6373,41,82,0,Elder Treant
1778223506_6373,42,64,0,EliteHybrid
1778223506_6373,43,49,0,Bat
1778223506_6373,44,40,0,Golem
1778223506_6373,45,171,1,Wraith
1778223506_6373,46,26,0,BurstElite
1778223506_6373,47,42,0,GunnerElite
1778223506_6373,48,81,0,FireImp
1778223506_6373,49,71,0,StormMage
1778223506_6373,50,75,0,EliteHybrid
1778223506_6373,51,57,0,Wraith
1778223506_6373,52,34,0,SniperElite
1778223506_6373,53,43,0,Wolf
1778223506_6373,54,45,0,Wraith
1778223506_6373,55,37,0,Wraith
1778223506_6373,56,47,0,Elder Treant
1778223506_6373,57,66,0,SniperElite
1778223506_6373,58,34,0,Harpy
1778223506_6373,59,69,0,Skeleton
1778223506_6373,60,32,0,Bat
1778223506_6373,61,113,1,Harpy
1778223506_6373,62,46,0,OmniElite
1778223506_6373,63,51,0,Harpy
1778223506_6373,64,51,0,OmniElite
1778223506_6373,65,34,0,OmniElite
1778223506_6373,66,70,0,OmniElite
1778223506_6373,67,71,0,Wraith
1778223506_6373,68,53,0,Harpy
1778223506_6373,69,36,0,Wolf
1778223506_6373,70,29,0,Wolf
1778223506_6373,71,70,0,Skeleton
1778223506_6373,72,78,0,Golem
1778223506_6373,73,54,0,MissileElite
1778227106_7135,1,14,0,BurstElite
1778227106_7135,2,36,0,StormMage
1778227106_7135,3,26,0,Bat
1778227106_7135,4,76,1,Demon King Baldr
1778227106_7135,5,66,1,Bat
1778227106_7135,6,9,0,OmniElite
1778227106_7135,7,41,1,BurstElite
1778227106_7135,8,22,0,Lava Titan
1778227106_7135,9,79,1,Wraith
1778227106_7135,10,54,0,Storm Sovereign
1778227106_7135,11,26,0,GunnerElite
1778227106_7135,12,46,0,FireImp
1778227106_7135,13,46,0,EliteHybrid
1778227106_7135,14,76,1,Golem
1778227106_7135,15,24,0,SniperElite
1778227106_7135,16,23,0,BurstElite
1778227106_7135,17,34,0,FireImp
1778227106_7135,18,22,0,Golem
1778227106_7135,19,32,0,Wraith
1778227106_7135,20,19,0,FireImp
1778227106_7135,21,41,0,MissileElite
1778227106_7135,22,8,0,FireImp
1778227106_7135,23,25,0,Skeleton
1778227106_7135,24,38,0,SniperElite
1778227106_7135,25,47,0,EliteHybrid
1778227106_7135,26,42,0,Demon King Baldr
1778227106_7135,27,14,0,Storm Sovereign
1778227106_7135,28,18,0,Lava Titan
1778227106_7135,29,34,0,Wraith
1778227106_7135,30,40,0,Slime
1778227106_7135,31,34,0,Elder Treant
1778227106_7135,32,39,0,Demon King Baldr
1778227106_7135,33,29,0,GunnerElite
1778227106_7135,34,21,0,BurstElite
1778227106_7135,35,16,0,SniperElite
1778227106_7135,36,36,0,Elder Treant
1778227106_7135,37,12,0,GunnerElite
1778227106_7135,38,36,0,SniperElite
1778227106_7135,39,31,0,FireImp
1778227106_7135,40,76,1,Storm Sovereign
1778227106_7135,41,22,0,GunnerElite
1778227106_7135,42,26,0,Storm Sovereign
1778227106_7135,43,39,0,GunnerElite
1778227106_7135,44,20,0,Elder Treant
1778227106_7135,45,48,0,Golem
1778227106_7135,46,29,0,SniperElite
1778227106_7135,47,41,0,Lava Titan
1778227106_7135,48,48,0,Wolf
1778227106_7135,49,26,1,Wolf
1778230706_1104,1,91,1,Slime
1778230706_1104,2,72,0,Skeleton
1778230706_1104,3,116,1,Bat
1778230706_1104,4,110,1,Wolf
1778230706_1104,5,13,0,Skeleton
1778230706_1104,6,52,0,Skeleton
1778230706_1104,7,34,0,Bat
1778230706_1104,8,1,0,Slime
1778230706_1104,9,27,0,Slime
1778230706_1104,10,60,0,Slime
1778230706_1104,11,55,0,Wolf
1778230706_1104,12,74,0,Skeleton
1778230706_1104,13,62,0,Slime
1778230706_1104,14,75,0,Bat
1778230706_1104,15,24,0,Slime
1778230706_1104,16,41,0,Slime
1778230706_1104,17,34,0,Skeleton
1778230706_1104,18,57,0,Bat
1778230706_1104,19,47,0,Skeleton
1778230706_1104,20,53,0,Bat
1778230706_1104,21,57,0,Skeleton
1778230706_1104,22,26,0,Slime
1778230706_1104,23,64,0,Skeleton
1778230706_1104,24,63,0,Skeleton
1778230706_1104,25,52,0,Bat
1778230706_1104,26,61,0,Bat
1778230706_1104,27,44,0,Skeleton
1778230706_1104,28,31,0,Bat
1778230706_1104,29,91,1,Wolf
1778230706_1104,30,45,0,Wolf
1778230706_1104,31,40,0,Skeleton
1778234306_6909,1,18,0,Bat
1778234306_6909,2,56,1,Slime
1778234306_6909,3,30,0,Wolf
1778234306_6909,4,18,0,Wolf
1778234306_6909,5,29,0,Skeleton
1778234306_6909,6,26,0,Slime
1778234306_6909,7,37,0,Slime
1778234306_6909,8,40,0,Wolf
1778234306_6909,9,30,0,Bat
1778234306_6909,10,38,1,Bat
1778234306_6909,11,24,0,Skeleton
1778234306_6909,12,46,0,Bat
1778234306_6909,13,41,0,Wolf
1778234306_6909,14,11,0,Wolf
1778234306_6909,15,25,0,Skeleton
1778234306_6909,16,33,0,Bat
1778234306_6909,17,52,0,Skeleton
1778234306_6909,18,28,0,Bat
1778234306_6909,19,15,0,Wolf
1778234306_6909,20,52,0,Slime
1778234306_6909,21,44,0,Bat
1778234306_6909,22,28,0,Slime
1778234306_6909,23,41,0,Bat
1778234306_6909,24,14,0,Skeleton
1778234306_6909,25,33,0,Bat
1778234306_6909,26,122,1,Bat
1778234306_6909,27,20,0,Bat
1778234306_6909,28,25,0,Skeleton
1778234306_6909,29,26,0,Slime
1778234306_6909,30,23,1,Skeleton
1778234306_6909,31,40,0,Bat
1778234306_6909,32,46,0,Skeleton
1778234306_6909,33,87,1,Wolf
1778234306_6909,34,29,0,Bat
1778234306_6909,35,15,0,Wolf
1778234306_6909,36,36,0,Slime
1778234306_6909,37,23,0,Slime
1778234306_6909,38,33,0,Wolf
1778234306_6909,39,26,0,Bat
1778234306_6909,40,41,0,Slime
1778234306_6909,41,16,0,Skeleton
1778234306_6909,42,89,1,Slime
1778234306_6909,43,42,0,Wolf
1778234306_6909,44,19,0,Wolf
1778234306_6909,45,18,0,Bat
1778234306_6909,46,31,0,Wolf
1778234306_6909,47,37,0,Bat
1778234306_6909,48,17,0,Wolf
1778234306_6909,49,40,1,Skeleton
1778234306_6909,50,36,0,Slime
1778234306_6909,51,14,0,Skeleton
1778234306_6909,52,23,0,Bat
1778237906_2867,1,25,0,Wolf
1778237906_2867,2,32,0,Wolf
1778237906_2867,3,38,0,Wolf
1778237906_2867,4,50,0,Bat
1778237906_2867,5,53,0,Wolf
1778237906_2867,6,65,0,Bat
1778237906_2867,7,42,0,Slime
1778237906_2867,8,54,0,Slime
1778237906_2867,9,34,0,Bat
1778237906_2867,10,45,0,Bat
1778237906_2867,11,18,0,Slime
1778237906_2867,12,59,0,Wolf
1778237906_2867,13,41,0,Wolf
1778237906_2867,14,56,0,Bat
1778237906_2867,15,86,1,Skeleton
1778237906_2867,16,42,0,Slime
1778237906_2867,17,45,0,Bat
1778237906_2867,18,64,1,Wolf
1778237906_2867,19,27,0,Skeleton
1778237906_2867,20,101,0,Slime
1778237906_2867,21,1,0,Wolf
1778237906_2867,22,63,0,Skeleton
1778237906_2867,23,58,0,Wolf
1778237906_2867,24,28,0,Wolf
1778237906_2867,25,51,0,Wolf
1778237906_2867,26,25,0,Skeleton
1778237906_2867,27,41,0,Slime
1778237906_2867,28,56,0,Bat
1778237906_2867,29,87,0,Wolf
1778237906_2867,30,20,0,Wolf
1778237906_2867,31,44,0,Bat
1778237906_2867,32,69,0,Skeleton
1778237906_2867,33,80,1,Slime
1778237906_2867,34,33,0,Skeleton
1778237906_2867,35,33,0,Bat
1778237906_2867,36,14,0,Slime
1778237906_2867,37,161,1,Skeleton
1778237906_2867,38,22,0,Bat
1778237906_2867,39,48,0,Skeleton
1778237906_2867,40,60,0,Skeleton
1778237906_2867,41,33,0,Bat
1778237906_2867,42,62,0,Slime
1778237906_2867,43,65,0,Slime
1778237906_2867,44,50,0,Wolf
1778237906_2867,45,44,0,Wolf
1778237906_2867,46,44,0,Wolf
1778237906_2867,47,54,0,Skeleton
1778237906_2867,48,71,1,Slime
1778237906_2867,49,21,0,Bat
1778237906_2867,50,69,0,Wolf
1778237906_2867,51,74,1,Slime
1778237906_2867,52,47,0,Wolf
1778237906_2867,53,55,1,Slime
1778237906_2867,54,42,0,Bat
1778237906_2867,55,38,0,Slime
1778237906_2867,56,27,0,Slime
1778237906_2867,57,56,0,Bat
1778237906_2867,58,53,0,Wolf
1778237906_2867,59,63,1,Wolf
1778237906_2867,60,26,0,Wolf
1778237906_2867,61,38,0,Bat
1778237906_2867,62,38,0,Slime
1778237906_2867,63,51,0,Bat
1778237906_2867,64,39,0,Bat
1778237906_2867,65,41,0,Slime
1778237906_2867,66,52,0,Skeleton
1778237906_2867,67,49,0,Skeleton
1778237906_2867,68,21,0,Wolf
1778237906_2867,69,106,1,Wolf
1778241506_9108,1,51,0,Slime
1778241506_9108,2,81,0,Slime
1778241506_9108,3,73,0,Bat
1778241506_9108,4,36,0,Bat
1778241506_9108,5,70,0,Bat
1778241506_9108,6,99,0,Skeleton
1778241506_9108,7,161,1,Wolf
1778241506_9108,8,86,0,Slime
1778241506_9108,9,70,0,Bat
1778241506_9108,10,122,1,Bat
1778241506_9108,11,51,1,Slime
1778241506_9108,12,57,0,Slime
1778241506_9108,13,210,1,Slime
1778241506_9108,14,104,0,Skeleton
1778241506_9108,15,126,0,Wolf
1778241506_9108,16,72,0,Slime
1778241506_9108,17,20,0,Slime
1778241506_9108,18,58,0,Skeleton
1778241506_9108,19,95,0,Slime
1778241506_9108,20,100,1,Wolf
1778241506_9108,21,73,0,Skeleton
1778241506_9108,22,80,0,Slime
1778241506_9108,23,19,0,Slime
1778241506_9108,24,121,0,Bat
1778241506_9108,25,86,0,Wolf
1778241506_9108,26,236,1,Bat
1778241506_9108,27,130,0,Wolf
1778241506_9108,28,37,0,Slime
1778241506_9108,29,92,0,Slime
1778241506_9108,30,17,0,Slime
1778241506_9108,31,71,0,Slime
1778241506_9108,32,108,0,Skeleton
1778241506_9108,33,36,0,Bat
1778241506_9108,34,89,0,Skeleton
1778241506_9108,35,73,0,Wolf
1778241506_9108,36,39,0,Wolf
1778241506_9108,37,80,0,Wolf
1778241506_9108,38,230,1,Slime
1778241506_9108,39,120,0,Slime
1778241506_9108,40,73,0,Skeleton
1778241506_9108,41,102,1,Wolf
1778241506_9108,42,15,0,Wolf
1778241506_9108,43,103,0,Slime
1778241506_9108,44,90,0,Bat
1778241506_9108,45,77,0,Skeleton
1778241506_9108,46,31,0,Wolf
1778241506_9108,47,83,0,Bat
1778241506_9108,48,101,0,Wolf
1778241506_9108,49,87,0,Skeleton
1778241506_9108,50,106,0,Skeleton
1778241506_9108,51,25,0,Skeleton
1778241506_9108,52,78,0,Slime
1778241506_9108,53,132,0,Wolf
1778241506_9108,54,104,1,Wolf
1778241506_9108,55,79,0,Bat
1778241506_9108,56,71,0,Skeleton
1778241506_9108,57,85,0,Slime
1778241506_9108,58,83,0,Wolf
1778241506_9108,59,121,0,Bat
1778241506_9108,60,34,0,Wolf
1778241506_9108,61,143,1,Bat
1778241506_9108,62,78,1,Wolf
1778241506_9108,63,112,1,Wolf
1778241506_9108,64,104,0,Slime
1778241506_9108,65,106,0,Skeleton
1778241506_9108,66,81,0,Wolf
1778241506_9108,67,67,0,Bat
1778241506_9108,68,76,0,Skeleton
1778241506_9108,69,62,0,Bat
1778241506_9108,70,127,0,Bat
1778241506_9108,71,90,0,Bat
1778241506_9108,72,66,0,Wolf
1778241506_9108,73,58,0,Bat
1778241506_9108,74,77,0,Wolf
1778241506_9108,75,67,0,Bat
1778241506_9108,76,89,1,Wolf
1778241506_9108,77,89,0,Wolf
1778241506_9108,78,41,0,Bat
1778245106_6883,1,20,0,Bat
1778245106_6883,2,43,0,FireImp
1778245106_6883,3,36,0,Slime
1778245106_6883,4,40,0,Harpy
1778245106_6883,5,5,0,Skeleton
1778245106_6883,6,45,0,Golem
1778245106_6883,7,53,0,Slime
1778245106_6883,8,33,0,Skeleton
1778245106_6883,9,25,0,Bat
1778245106_6883,10,49,0,FireImp
1778245106_6883,11,17,0,Slime
1778245106_6883,12,45,0,StormMage
1778245106_6883,13,102,1,Bat
1778245106_6883,14,41,0,Golem
1778245106_6883,15,49,1,Skeleton
1778245106_6883,16,41,0,Wolf
1778245106_6883,17,12,0,Harpy
1778245106_6883,18,27,0,Skeleton
1778245106_6883,19,31,0,Harpy
1778245106_6883,20,46,0,Skeleton
1778245106_6883,21,5,0,Golem
1778245106_6883,22,40,0,FireImp
1778245106_6883,23,54,0,FireImp
1778245106_6883,24,52,0,Harpy
1778245106_6883,25,52,0,Slime
1778245106_6883,26,42,0,Bat
1778245106_6883,27,47,0,Wolf
1778245106_6883,28,44,0,Bat
1778245106_6883,29,34,0,Golem
1778245106_6883,30,114,1,Golem
1778245106_6883,31,61,0,FireImp
1778245106_6883,32,42,0,Wolf
1778245106_6883,33,56,0,Slime
1778245106_6883,34,21,0,Harpy
1778245106_6883,35,51,0,Harpy
1778245106_6883,36,29,0,Bat
1778245106_6883,37,47,0,Wolf
1778245106_6883,38,75,1,Wolf
1778245106_6883,39,65,1,Harpy
1778245106_6883,40,40,0,Wolf
1778245106_6883,41,41,0,StormMage
1778245106_6883,42,33,0,Harpy
1778245106_6883,43,24,0,Wolf
1778245106_6883,44,20,0,FireImp
1778245106_6883,45,68,0,FireImp
1778245106_6883,46,37,0,StormMage
1778245106_6883,47,41,0,Golem
1778245106_6883,48,43,0,StormMage
1778245106_6883,49,37,0,Slime
1778245106_6883,50,42,0,StormMage
1778245106_6883,51,55,0,FireImp
1778245106_6883,52,40,0,FireImp
1778245106_6883,53,50,1,Skeleton
1778245106_6883,54,28,0,Slime
1778245106_6883,55,46,0,StormMage
1778245106_6883,56,35,0,Skeleton
1778245106_6883,57,62,0,Wolf
1778245106_6883,58,47,0,Bat
1778245106_6883,59,43,0,Harpy
1778245106_6883,60,43,0,StormMage
1778245106_6883,61,25,0,Bat
1778245106_6883,62,32,0,Slime
1778245106_6883,63,38,0,Skeleton
1778248706_2970,1,24,0,EliteHybrid
1778248706_2970,2,41,0,Slime
1778248706_2970,3,37,0,MissileElite
1778248706_2970,4,32,1,Bat
1778248706_2970,5,94,1,SniperElite
1778248706_2970,6,26,0,EliteHybrid
1778248706_2970,7,23,0,Wolf
1778248706_2970,8,42,0,BurstElite
1778248706_2970,9,43,0,Wolf
1778248706_2970,10,46,0,GunnerElite
1778248706_2970,11,32,0,EliteHybrid
1778248706_2970,12,30,0,Slime
1778248706_2970,13,22,0,Elder Treant
1778248706_2970,14,51,0,Bat
1778248706_2970,15,42,0,OmniElite
1778248706_2970,16,32,0,GunnerElite
1778248706_2970,17,32,0,Harpy
1778248706_2970,18,45,0,MissileElite
1778248706_2970,19,32,0,Wolf
1778248706_2970,20,13,0,Golem
1778248706_2970,21,50,0,Slime
1778248706_2970,22,41,0,Harpy
1778248706_2970,23,38,0,SniperElite
1778248706_2970,24,26,0,EliteHybrid
1778248706_2970,25,24,0,Bat
1778248706_2970,26,43,0,StormMage
1778248706_2970,27,22,0,Elder Treant
1778248706_2970,28,45,0,SniperElite
1778248706_2970,29,21,0,Skeleton
1778248706_2970,30,52,0,BurstElite
1778248706_2970,31,55,0,Harpy
1778248706_2970,32,40,0,StormMage
1778248706_2970,33,29,0,Slime
1778248706_2970,34,25,0,Slime
1778248706_2970,35,27,0,Slime
1778252306_4666,1,159,1,Skeleton
1778252306_4666,2,40,0,Slime
1778252306_4666,3,59,0,Skeleton
1778252306_4666,4,107,0,Skeleton
1778252306_4666,5,69,0,Skeleton
1778252306_4666,6,83,0,Slime
1778252306_4666,7,99,0,Bat
1778252306_4666,8,51,0,Bat
1778252306_4666,9,39,0,Skeleton
1778252306_4666,10,93,0,Wolf
1778252306_4666,11,57,0,Wolf
1778252306_4666,12,57,0,Skeleton
1778252306_4666,13,38,0,Wolf
1778252306_4666,14,99,0,Slime
1778252306_4666,15,28,0,Skeleton
1778252306_4666,16,66,0,Skeleton
1778252306_4666,17,40,0,Wolf
1778252306_4666,18,46,0,Skeleton
1778252306_4666,19,104,0,Skeleton
1778252306_4666,20,132,1,Slime
1778252306_4666,21,74,0,Wolf
1778252306_4666,22,21,0,Skeleton
1778252306_4666,23,71,0,Wolf
1778252306_4666,24,82,0,Bat
1778252306_4666,25,84,0,Wolf
1778252306_4666,26,77,0,Wolf
1778252306_4666,27,43,0,Slime
1778252306_4666,28,91,0,Wolf
1778252306_4666,29,72,0,Wolf
1778252306_4666,30,64,1,Bat
1778252306_4666,31,74,0,Bat
1778252306_4666,32,66,0,Skeleton
1778252306_4666,33,76,0,Skeleton
1778252306_4666,34,131,1,Wolf
1778252306_4666,35,40,0,Skeleton
1778252306_4666,36,67,0,Skeleton
1778252306_4666,37,82,0,Slime
1778252306_4666,38,65,0,Skeleton
1778252306_4666,39,91,0,Wolf
1778252306_4666,40,42,0,Wolf
1778252306_4666,41,117,0,Bat
1778252306_4666,42,89,0,Wolf
1778252306_4666,43,73,0,Wolf
1778252306_4666,44,100,0,Bat
1778252306_4666,45,99,0,Skeleton
1778252306_4666,46,76,0,Slime
1778252306_4666,47,37,0,Slime
1778252306_4666,48,83,0,Slime
1778252306_4666,49,75,0,Bat
1778252306_4666,50,66,0,Slime
1778252306_4666,51,55,0,Slime
1778252306_4666,52,61,0,Wolf
1778252306_4666,53,54,0,Slime
1778252306_4666,54,37,0,Slime
1778252306_4666,55,69,0,Wolf
1778252306_4666,56,80,0,Skeleton
1778252306_4666,57,25,0,Skeleton
1778252306_4666,58,88,0,Bat
1778252306_4666,59,98,0,Slime
1778252306_4666,60,180,1,Bat
1778252306_4666,61,72,0,Slime
1778252306_4666,62,73,0,Skeleton
1778252306_4666,63,62,0,Bat
1778252306_4666,64,92,0,Slime
1778252306_4666,65,70,0,Slime
1778252306_4666,66,86,0,Bat
1778252306_4666,67,52,0,Slime
1778255906_1751,1,100,0,Bat
1778255906_1751,2,73,0,Wolf
1778255906_1751,3,273,1,Wolf
1778255906_1751,4,258,1,Bat
1778255906_1751,5,92,0,Bat
1778255906_1751,6,39,0,Slime
1778255906_1751,7,115,0,Wolf
1778255906_1751,8,35,0,Bat
1778255906_1751,9,198,1,Skeleton
1778255906_1751,10,233,1,Wolf
1778255906_1751,11,119,0,Slime
1778255906_1751,12,73,0,Wolf
1778255906_1751,13,38,0,Wolf
1778255906_1751,14,83,0,Slime
1778255906_1751,15,142,0,Bat
1778255906_1751,16,83,0,Wolf
1778255906_1751,17,107,0,Skeleton
1778255906_1751,18,181,1,Bat
1778255906_1751,19,62,0,Bat
1778255906_1751,20,193,1,Skeleton
1778255906_1751,21,102,0,Slime
1778255906_1751,22,100,0,Slime
1778255906_1751,23,173,1,Skeleton
1778255906_1751,24,78,0,Wolf
1778255906_1751,25,61,0,Slime
1778255906_1751,26,53,0,Bat
1778255906_1751,27,55,0,Skeleton
1778255906_1751,28,119,0,Slime
1778255906_1751,29,227,1,Skeleton
1778255906_1751,30,102,0,Skeleton
1778255906_1751,31,76,0,Wolf
1778255906_1751,32,70,0,Bat
1778255906_1751,33,108,0,Bat
1778255906_1751,34,102,0,Wolf
1778255906_1751,35,76,0,Slime
1778255906_1751,36,65,0,Bat
1778255906_1751,37,43,0,Bat
1778255906_1751,38,203,1,Bat
1778255906_1751,39,95,0,Wolf
1778255906_1751,40,51,0,Wolf
1778255906_1751,41,77,0,Skeleton
1778255906_1751,42,64,0,Bat
1778255906_1751,43,45,0,Wolf
1778255906_1751,44,97,0,Skeleton
1778255906_1751,45,225,1,Skeleton
1778255906_1751,46,73,0,Skeleton
1778255906_1751,47,63,0,Wolf
1778255906_1751,48,16,0,Skeleton
1778255906_1751,49,124,1,Wolf
1778255906_1751,50,21,0,Skeleton
1778255906_1751,51,67,0,Bat
1778255906_1751,52,33,0,Skeleton
1778255906_1751,53,185,1,Bat
1778255906_1751,54,58,0,Slime
1778255906_1751,55,92,0,Skeleton
1778259506_5105,1,78,0,Skeleton
1778259506_5105,2,48,0,Bat
1778259506_5105,3,45,0,Skeleton
1778259506_5105,4,56,0,Wolf
1778259506_5105,5,49,0,Bat
1778259506_5105,6,69,0,Skeleton
1778259506_5105,7,16,0,Wolf
1778259506_5105,8,57,0,Wolf
1778259506_5105,9,5,0,Slime
1778259506_5105,10,54,0,Bat
1778259506_5105,11,119,1,Skeleton
1778259506_5105,12,66,0,Skeleton
1778259506_5105,13,67,0,Wolf
1778259506_5105,14,89,0,Skeleton
1778259506_5105,15,60,0,Skeleton
1778259506_5105,16,75,0,Wolf
1778259506_5105,17,62,0,Wolf
1778259506_5105,18,60,1,Wolf
1778259506_5105,19,61,0,Skeleton
1778259506_5105,20,42,0,Bat
1778259506_5105,21,59,0,Slime
1778259506_5105,22,62,0,Wolf
1778259506_5105,23,61,0,Skeleton
1778259506_5105,24,53,1,Skeleton
1778259506_5105,25,153,1,Skeleton
1778259506_5105,26,29,0,Skeleton
1778259506_5105,27,48,0,Wolf
1778259506_5105,28,116,1,Slime
1778259506_5105,29,57,0,Wolf
1778259506_5105,30,35,0,Bat
1778259506_5105,31,23,0,Wolf
1778259506_5105,32,23,0,Bat
1778259506_5105,33,43,0,Slime
1778259506_5105,34,50,0,Skeleton
1778259506_5105,35,74,1,Wolf
1778259506_5105,36,56,0,Wolf
1778259506_5105,37,28,0,Bat
1778259506_5105,38,31,0,Slime
1778259506_5105,39,66,0,Slime
1778259506_5105,40,25,0,Slime
1778259506_5105,41,44,0,Slime
1778259506_5105,42,37,0,Skeleton
1778259506_5105,43,66,0,Skeleton
1778259506_5105,44,52,0,Slime
1778259506_5105,45,31,0,Wolf
1778263106_3234,1,98,0,Skeleton
1778263106_3234,2,76,0,SniperElite
1778263106_3234,3,80,0,FireImp
1778263106_3234,4,118,0,StormMage
1778263106_3234,5,122,1,Wolf
1778263106_3234,6,56,0,OmniElite
1778263106_3234,7,62,0,EliteHybrid
1778263106_3234,8,138,1,Elder Treant
1778263106_3234,9,89,0,StormMage
1778263106_3234,10,136,1,Harpy
1778263106_3234,11,57,0,Wraith
1778263106_3234,12,92,0,FireImp
1778263106_3234,13,47,0,MissileElite
1778263106_3234,14,59,0,GunnerElite
1778263106_3234,15,68,0,MissileElite
1778263106_3234,16,85,0,SniperElite
1778263106_3234,17,94,0,OmniElite
1778263106_3234,18,97,0,Wraith
1778263106_3234,19,56,0,Skeleton
1778263106_3234,20,69,0,FireImp
1778263106_3234,21,80,0,Skeleton
1778263106_3234,22,58,0,Slime
1778263106_3234,23,87,0,BurstElite
1778263106_3234,24,40,0,Harpy
1778263106_3234,25,93,0,Elder Treant
1778263106_3234,26,51,0,FireImp
1778263106_3234,27,56,0,Wraith
1778263106_3234,28,172,1,Skeleton
1778263106_3234,29,45,0,Golem
1778263106_3234,30,85,0,FireImp
1778263106_3234,31,54,0,FireImp
1778263106_3234,32,73,0,Elder Treant
1778263106_3234,33,74,0,StormMage
1778263106_3234,34,133,1,Wolf
1778263106_3234,35,54,0,BurstElite
1778263106_3234,36,43,0,OmniElite
1778263106_3234,37,73,0,Bat
1778266706_9542,1,50,0,Golem
1778266706_9542,2,32,0,EliteHybrid
1778266706_9542,3,55,0,StormMage
1778266706_9542,4,57,0,Bat
1778266706_9542,5,60,0,Skeleton
1778266706_9542,6,66,1,Golem
1778266706_9542,7,76,0,StormMage
1778266706_9542,8,44,0,GunnerElite
1778266706_9542,9,34,0,Slime
1778266706_9542,10,54,0,Skeleton
1778266706_9542,11,63,0,Slime
1778266706_9542,12,62,0,Skeleton
1778266706_9542,13,47,0,Harpy
1778266706_9542,14,78,1,GunnerElite
1778266706_9542,15,39,0,Wolf
1778266706_9542,16,59,0,StormMage
1778266706_9542,17,79,0,Harpy
1778266706_9542,18,26,0,Skeleton
1778266706_9542,19,34,0,EliteHybrid
1778266706_9542,20,51,0,StormMage
1778266706_9542,21,84,0,Wolf
1778266706_9542,22,108,1,EliteHybrid
1778266706_9542,23,72,0,Skeleton
1778266706_9542,24,44,0,Wraith
1778266706_9542,25,108,1,EliteHybrid
1778266706_9542,26,54,0,Wraith
1778266706_9542,27,45,0,Slime
1778266706_9542,28,79,0,EliteHybrid
1778266706_9542,29,34,0,Slime
1778266706_9542,30,47,0,StormMage
1778266706_9542,31,35,0,Harpy
1778266706_9542,32,33,0,SniperElite
1778266706_9542,33,81,0,Harpy
1778266706_9542,34,68,0,Wolf
1778266706_9542,35,69,0,EliteHybrid
1778266706_9542,36,43,0,Slime
1778266706_9542,37,60,0,Wolf
1778266706_9542,38,35,0,Golem
1778266706_9542,39,51,0,Wolf
1778266706_9542,40,69,0,EliteHybrid
1778266706_9542,41,76,0,Golem
1778266706_9542,42,9,0,Bat
1778266706_9542,43,16,0,EliteHybrid
1778266706_9542,44,35,0,FireImp
1778266706_9542,45,55,0,Wraith
1778266706_9542,46,37,0,GunnerElite
1778266706_9542,47,152,1,SniperElite
1778266706_9542,48,62,0,Golem
1778266706_9542,49,51,0,Wraith
1778266706_9542,50,44,0,GunnerElite
1778266706_9542,51,46,1,Skeleton
1778266706_9542,52,55,1,Golem
1778270306_2311,1,175,1,EliteHybrid
1778270306_2311,2,62,0,Golem
1778270306_2311,3,39,0,Slime
1778270306_2311,4,84,0,Harpy
1778270306_2311,5,71,0,Harpy
1778270306_2311,6,135,1,Wolf
1778270306_2311,7,82,0,SniperElite
1778270306_2311,8,100,0,FireImp
1778270306_2311,9,23,0,Bat
1778270306_2311,10,92,1,EliteHybrid
1778270306_2311,11,148,1,FireImp
1778270306_2311,12,66,0,FireImp
1778270306_2311,13,84,0,Wraith
1778270306_2311,14,73,0,StormMage
1778270306_2311,15,101,0,Golem
1778270306_2311,16,100,0,Wraith
1778270306_2311,17,66,0,StormMage
1778270306_2311,18,80,0,Bat
1778270306_2311,19,79,0,Bat
1778270306_2311,20,81,0,EliteHybrid
1778270306_2311,21,114,1,Bat
1778270306_2311,22,67,0,Golem
1778270306_2311,23,240,1,StormMage
1778270306_2311,24,66,0,Skeleton
1778270306_2311,25,89,0,GunnerElite
1778270306_2311,26,88,0,Bat
1778270306_2311,27,66,0,FireImp
1778270306_2311,28,77,0,Wraith
1778270306_2311,29,89,0,Wolf
1778270306_2311,30,80,0,StormMage
1778270306_2311,31,80,0,EliteHybrid
1778270306_2311,32,121,0,Golem
1778270306_2311,33,60,0,Wraith
1778270306_2311,34,93,0,EliteHybrid
1778270306_2311,35,51,0,Bat
1778270306_2311,36,73,0,Harpy
1778270306_2311,37,59,0,EliteHybrid
1778270306_2311,38,96,0,Skeleton
1778270306_2311,39,78,0,Wolf
1778270306_2311,40,64,0,Slime
1778270306_2311,41,46,0,Harpy
1778270306_2311,42,53,0,FireImp
1778273906_4066,1,116,1,Bat
1778273906_4066,2,76,0,EliteHybrid
1778273906_4066,3,30,0,Harpy
1778273906_4066,4,76,0,StormMage
1778273906_4066,5,100,0,Skeleton
1778273906_4066,6,52,0,GunnerElite
1778273906_4066,7,68,0,SniperElite
1778273906_4066,8,52,0,Wraith
1778273906_4066,9,160,1,Skeleton
1778273906_4066,10,100,0,GunnerElite
1778273906_4066,11,178,1,FireImp
1778273906_4066,12,44,0,FireImp
1778273906_4066,13,84,0,Harpy
1778273906_4066,14,95,0,Bat
1778273906_4066,15,93,0,GunnerElite
1778273906_4066,16,54,0,Golem
1778273906_4066,17,52,0,EliteHybrid
1778273906_4066,18,27,0,Harpy
1778273906_4066,19,65,0,StormMage
1778273906_4066,20,54,0,Golem
1778273906_4066,21,53,0,Wraith
1778273906_4066,22,45,1,Bat
1778273906_4066,23,44,0,GunnerElite
1778273906_4066,24,58,0,FireImp
1778273906_4066,25,79,0,Golem
1778273906_4066,26,62,0,Skeleton
1778273906_4066,27,36,0,Slime
1778273906_4066,28,74,0,SniperElite
1778273906_4066,29,74,0,Wolf
1778273906_4066,30,166,1,StormMage
1778273906_4066,31,84,0,Slime
1778273906_4066,32,66,0,Wolf
1778273906_4066,33,36,0,Skeleton
1778273906_4066,34,107,0,Bat
1778273906_4066,35,88,0,FireImp
1778273906_4066,36,52,0,Skeleton
1778273906_4066,37,151,1,Golem
1778273906_4066,38,79,0,FireImp
1778273906_4066,39,44,0,Skeleton
1778273906_4066,40,96,0,Wraith
1778273906_4066,41,56,0,SniperElite
1778273906_4066,42,44,0,GunnerElite
1778273906_4066,43,41,0,Golem
1778273906_4066,44,94,1,Harpy
1778273906_4066,45,64,0,FireImp
1778273906_4066,46,89,0,Skeleton
1778273906_4066,47,64,0,StormMage
1778273906_4066,48,30,0,StormMage
1778273906_4066,49,55,0,Harpy
1778273906_4066,50,71,0,EliteHybrid
1778273906_4066,51,34,0,Harpy
1778273906_4066,52,80,0,SniperElite
1778273906_4066,53,47,0,Harpy
1778273906_4066,54,156,1,EliteHybrid
1778273906_4066,55,49,0,Wraith
1778273906_4066,56,74,0,SniperElite
1778273906_4066,57,31,0,FireImp
1778273906_4066,58,26,0,FireImp
1778273906_4066,59,180,1,StormMage
1778273906_4066,60,58,0,Slime
1778273906_4066,61,93,0,EliteHybrid
1778273906_4066,62,121,0,Skeleton
1778273906_4066,63,71,0,SniperElite
1778273906_4066,64,140,1,Harpy
1778273906_4066,65,63,0,StormMage
1778273906_4066,66,87,0,Golem
1778277506_2314,1,86,0,StormMage
1778277506_2314,2,86,0,Bat
1778277506_2314,3,79,0,Harpy
1778277506_2314,4,41,0,GunnerElite
1778277506_2314,5,94,0,Wolf
1778277506_2314,6,181,1,Wraith
1778277506_2314,7,48,0,Wolf
1778277506_2314,8,226,1,GunnerElite
1778277506_2314,9,164,1,Bat
1778277506_2314,10,69,0,Elder Treant
1778277506_2314,11,100,0,FireImp
1778277506_2314,12,77,0,Skeleton
1778277506_2314,13,96,0,GunnerElite
1778277506_2314,14,181,0,Wolf
1778277506_2314,15,43,0,FireImp
1778277506_2314,16,137,1,SniperElite
1778277506_2314,17,35,0,OmniElite
1778277506_2314,18,86,0,FireImp
1778277506_2314,19,80,0,Wolf
1778277506_2314,20,54,0,Elder Treant
1778277506_2314,21,90,0,Golem
1778277506_2314,22,61,0,Golem
1778277506_2314,23,150,1,Wraith
1778277506_2314,24,103,0,BurstElite
1778277506_2314,25,52,0,Slime
1778277506_2314,26,65,0,GunnerElite
1778277506_2314,27,67,0,BurstElite
1778277506_2314,28,104,0,FireImp
1778277506_2314,29,129,0,GunnerElite
1778277506_2314,30,144,1,Wolf
1778277506_2314,31,101,0,FireImp
1778277506_2314,32,174,1,Wolf
1778277506_2314,33,93,0,BurstElite
1778277506_2314,34,66,0,EliteHybrid
1778277506_2314,35,107,1,Skeleton
1778277506_2314,36,155,0,Skeleton
1778277506_2314,37,92,0,Wolf
1778277506_2314,38,54,0,SniperElite
1778277506_2314,39,125,0,Wolf
1778277506_2314,40,179,1,Wraith
1778277506_2314,41,126,1,Bat
1778277506_2314,42,104,0,Harpy
1778277506_2314,43,100,0,StormMage
1778277506_2314,44,20,0,MissileElite
1778277506_2314,45,55,0,SniperElite
1778277506_2314,46,65,0,Bat
1778277506_2314,47,44,0,Golem
1778277506_2314,48,52,0,OmniElite
1778277506_2314,49,75,0,GunnerElite
1778277506_2314,50,1,0,MissileElite
1778277506_2314,51,55,0,MissileElite
1778277506_2314,52,99,0,Harpy
1778277506_2314,53,63,0,EliteHybrid
1778277506_2314,54,65,0,Slime
1778277506_2314,55,112,0,Wraith
1778277506_2314,56,56,0,Wraith
1778277506_2314,57,164,1,Harpy
1778277506_2314,58,90,0,EliteHybrid
1778277506_2314,59,82,0,FireImp
1778277506_2314,60,115,0,EliteHybrid
1778277506_2314,61,105,0,StormMage
1778277506_2314,62,191,1,Harpy
1778277506_2314,63,142,0,GunnerElite
1778277506_2314,64,92,0,Bat
1778277506_2314,65,68,0,Wraith
1778277506_2314,66,140,0,Wolf
1778277506_2314,67,99,0,GunnerElite
1778277506_2314,68,54,0,Bat
1778277506_2314,69,132,0,StormMage
1778277506_2314,70,86,0,BurstElite
1778277506_2314,71,58,1,GunnerElite
1778277506_2314,72,70,0,StormMage
1778277506_2314,73,82,0,BurstElite
1778277506_2314,74,137,0,Skeleton
1778277506_2314,75,77,0,Wraith
1778277506_2314,76,90,0,Elder Treant
1778277506_2314,77,70,0,Wolf
1778277506_2314,78,64,0,MissileElite
1778277506_2314,79,79,0,FireImp
1778281106_3209,1,78,0,Golem
1778281106_3209,2,64,0,Slime
1778281106_3209,3,97,0,StormMage
1778281106_3209,4,74,0,StormMage
1778281106_3209,5,153,0,Golem
1778281106_3209,6,111,0,Wolf
1778281106_3209,7,103,0,Skeleton
1778281106_3209,8,102,0,FireImp
1778281106_3209,9,306,1,Slime
1778281106_3209,10,99,0,Bat
1778281106_3209,11,106,0,StormMage
1778281106_3209,12,133,0,Skeleton
1778281106_3209,13,78,0,Slime
1778281106_3209,14,48,0,Slime
1778281106_3209,15,82,0,Slime
1778281106_3209,16,152,0,Slime
1778281106_3209,17,139,0,Golem
1778281106_3209,18,114,0,Slime
1778281106_3209,19,76,0,Harpy
1778281106_3209,20,161,0,Wolf
1778281106_3209,21,126,0,Wolf
1778281106_3209,22,73,0,StormMage
1778281106_3209,23,112,1,FireImp
1778281106_3209,24,75,0,Harpy
1778281106_3209,25,94,0,Golem
1778281106_3209,26,88,0,Bat
1778281106_3209,27,186,0,Slime
1778281106_3209,28,92,0,Harpy
1778281106_3209,29,308,1,FireImp
1778281106_3209,30,56,0,Golem
1778281106_3209,31,274,1,Bat
1778281106_3209,32,65,0,Skeleton
1778281106_3209,33,69,0,StormMage
1778281106_3209,34,107,0,Bat
1778281106_3209,35,69,0,Bat
1778281106_3209,36,59,0,FireImp
1778281106_3209,37,68,0,Harpy
1778284706_3378,1,28,0,EliteHybrid
1778284706_3378,2,192,1,EliteHybrid
1778284706_3378,3,111,0,StormMage
1778284706_3378,4,137,1,Elder Treant
1778284706_3378,5,191,1,Elder Treant
1778284706_3378,6,86,0,Elder Treant
1778284706_3378,7,63,0,Golem
1778284706_3378,8,96,0,Slime
1778284706_3378,9,101,0,MissileElite
1778284706_3378,10,102,0,Harpy
1778284706_3378,11,347,1,OmniElite
1778284706_3378,12,119,0,OmniElite
1778284706_3378,13,65,0,MissileElite
1778284706_3378,14,85,0,BurstElite
1778284706_3378,15,99,0,BurstElite
1778284706_3378,16,52,0,Wolf
1778284706_3378,17,59,0,OmniElite
1778284706_3378,18,28,0,StormMage
1778284706_3378,19,111,0,BurstElite
1778284706_3378,20,103,0,Wolf
1778284706_3378,21,92,0,OmniElite
1778284706_3378,22,71,0,OmniElite
1778284706_3378,23,110,0,Wraith
1778284706_3378,24,85,0,FireImp
1778284706_3378,25,86,0,OmniElite
1778284706_3378,26,126,0,FireImp
1778284706_3378,27,114,0,GunnerElite
1778284706_3378,28,74,0,Harpy
1778284706_3378,29,100,0,Skeleton
1778284706_3378,30,93,0,Golem
1778284706_3378,31,144,0,Bat
1778284706_3378,32,137,0,Skeleton
1778284706_3378,33,121,0,BurstElite
1778284706_3378,34,80,0,Golem
1778284706_3378,35,5,0,BurstElite
1778284706_3378,36,113,0,FireImp
1778284706_3378,37,99,0,FireImp
1778284706_3378,38,116,0,Wraith
1778284706_3378,39,140,0,OmniElite
1778284706_3378,40,88,0,Harpy
1778284706_3378,41,266,1,Slime
1778284706_3378,42,31,0,Slime
1778284706_3378,43,110,0,Elder Treant
1778284706_3378,44,97,0,MissileElite
1778284706_3378,45,137,0,Slime
1778284706_3378,46,95,0,Harpy
1778284706_3378,47,257,1,SniperElite
1778284706_3378,48,156,0,Wraith
1778284706_3378,49,108,0,Skeleton
1778288306_1803,1,212,1,Slime
1778288306_1803,2,31,0,Skeleton
1778288306_1803,3,80,0,Wolf
1778288306_1803,4,127,0,Slime
1778288306_1803,5,11,0,Slime
1778288306_1803,6,55,0,Skeleton
1778288306_1803,7,37,0,Skeleton
1778288306_1803,8,126,0,Bat
1778288306_1803,9,49,0,Wolf
1778288306_1803,10,91,0,Wolf
1778288306_1803,11,130,1,Slime
1778288306_1803,12,5,0,Wolf
1778288306_1803,13,135,0,Skeleton
1778288306_1803,14,1,0,Wolf
1778288306_1803,15,119,0,Slime
1778288306_1803,16,98,0,Skeleton
1778288306_1803,17,98,0,Bat
1778288306_1803,18,80,0,Slime
1778288306_1803,19,107,0,Bat
1778288306_1803,20,77,0,Slime
1778288306_1803,21,73,0,Skeleton
1778288306_1803,22,66,0,Bat
1778288306_1803,23,107,0,Skeleton
1778288306_1803,24,91,0,Slime
1778288306_1803,25,110,0,Skeleton
1778288306_1803,26,278,1,Slime
1778288306_1803,27,79,0,Wolf
1778288306_1803,28,124,0,Bat
1778288306_1803,29,103,0,Skeleton
1778288306_1803,30,112,0,Skeleton
1778288306_1803,31,217,1,Skeleton
1778288306_1803,32,70,0,Skeleton
1778288306_1803,33,241,1,Wolf
1778288306_1803,34,125,0,Bat
1778291906_9290,1,79,0,Slime
1778291906_9290,2,127,1,Slime
1778291906_9290,3,123,1,Skeleton
1778291906_9290,4,321,1,Wolf
1778291906_9290,5,76,0,Skeleton
1778291906_9290,6,101,0,Slime
1778291906_9290,7,200,1,Slime
1778291906_9290,8,101,0,Skeleton
1778291906_9290,9,62,0,Skeleton
1778291906_9290,10,77,0,Wolf
1778291906_9290,11,121,0,Bat
1778291906_9290,12,185,1,Slime
1778291906_9290,13,92,0,Wolf
1778291906_9290,14,90,0,Bat
1778291906_9290,15,65,0,Slime
1778291906_9290,16,67,0,Bat
1778291906_9290,17,72,0,Bat
1778291906_9290,18,159,1,Bat
1778291906_9290,19,31,1,Skeleton
1778291906_9290,20,97,0,Bat
1778291906_9290,21,111,0,Skeleton
1778291906_9290,22,144,0,Slime
1778291906_9290,23,97,0,Wolf
1778291906_9290,24,90,0,Skeleton
1778291906_9290,25,170,1,Slime
1778291906_9290,26,75,0,Slime
1778291906_9290,27,94,0,Bat
1778291906_9290,28,49,0,Wolf
1778291906_9290,29,8,0,Skeleton
1778291906_9290,30,60,0,Bat
1778291906_9290,31,91,0,Wolf
1778291906_9290,32,53,0,Slime
1778291906_9290,33,81,0,Slime
1778291906_9290,34,37,0,Bat
1778291906_9290,35,78,0,Skeleton
1778291906_9290,36,96,0,Slime
1778291906_9290,37,47,0,Bat
1778291906_9290,38,58,0,Slime
1778291906_9290,39,130,0,Slime
1778291906_9290,40,113,0,Wolf
1778291906_9290,41,60,0,Bat
1778291906_9290,42,91,0,Skeleton
1778291906_9290,43,68,0,Bat
1778295506_6640,1,160,0,BurstElite
1778295506_6640,2,61,0,MissileElite
1778295506_6640,3,61,0,Golem
1778295506_6640,4,78,0,SniperElite
1778295506_6640,5,104,0,FireImp
1778295506_6640,6,150,1,Slime
1778295506_6640,7,411,1,MissileElite
1778295506_6640,8,281,1,OmniElite
1778295506_6640,9,97,0,Demon King Baldr
1778295506_6640,10,145,0,MissileElite
1778295506_6640,11,80,0,OmniElite
1778295506_6640,12,82,0,Slime
1778295506_6640,13,117,0,StormMage
1778295506_6640,14,94,0,Storm Sovereign
1778295506_6640,15,73,0,Wolf
1778295506_6640,16,106,1,Skeleton
1778295506_6640,17,180,1,EliteHybrid
1778295506_6640,18,87,0,Skeleton
1778295506_6640,19,104,0,Skeleton
1778295506_6640,20,83,0,Demon King Baldr
1778295506_6640,21,122,1,Slime
1778295506_6640,22,59,0,GunnerElite
1778295506_6640,23,109,0,Wraith
1778295506_6640,24,98,0,Wraith
1778295506_6640,25,110,0,Storm Sovereign
1778295506_6640,26,97,0,Storm Sovereign
1778295506_6640,27,373,1,Demon King Baldr
1778295506_6640,28,261,1,EliteHybrid
1778295506_6640,29,107,0,Demon King Baldr
1778295506_6640,30,163,1,Golem
1778295506_6640,31,169,0,FireImp
1778295506_6640,32,82,0,StormMage
1778295506_6640,33,72,0,Bone Overlord
1778295506_6640,34,230,1,FireImp
1778295506_6640,35,76,0,MissileElite
1778295506_6640,36,104,0,Golem
1778295506_6640,37,75,0,SniperElite
1778295506_6640,38,127,0,Wolf
1778295506_6640,39,110,0,BurstElite
1778295506_6640,40,61,0,Lava Titan
1778295506_6640,41,106,0,BurstElite
1778295506_6640,42,81,0,Slime
1778295506_6640,43,104,0,OmniElite
1778295506_6640,44,78,0,Wolf
1778295506_6640,45,262,1,SniperElite
1778295506_6640,46,137,0,EliteHybrid
1778295506_6640,47,90,0,EliteHybrid
1778295506_6640,48,109,0,OmniElite
1778295506_6640,49,75,0,StormMage
1778295506_6640,50,96,0,GunnerElite
1778295506_6640,51,54,0,Golem
1778295506_6640,52,181,1,MissileElite
1778295506_6640,53,196,1,OmniElite
1778295506_6640,54,67,0,Wolf
1778295506_6640,55,272,1,Demon King Baldr
1778295506_6640,56,63,0,Bat
1778295506_6640,57,45,0,Bat
1778299106_2415,1,84,0,Golem
1778299106_2415,2,37,0,EliteHybrid
1778299106_2415,3,60,0,Wolf
1778299106_2415,4,37,0,EliteHybrid
1778299106_2415,5,60,0,Harpy
1778299106_2415,6,63,0,Golem
1778299106_2415,7,51,0,MissileElite
1778299106_2415,8,49,0,Bat
1778299106_2415,9,153,1,Storm Sovereign
1778299106_2415,10,40,0,OmniElite
1778299106_2415,11,80,0,Slime
1778299106_2415,12,59,0,BurstElite
1778299106_2415,13,53,0,Storm Sovereign
1778299106_2415,14,199,1,Elder Treant
1778299106_2415,15,36,0,Skeleton
1778299106_2415,16,59,0,Slime
1778299106_2415,17,34,0,Bat
1778299106_2415,18,77,0,SniperElite
1778299106_2415,19,119,1,Skeleton
1778299106_2415,20,71,0,GunnerElite
1778299106_2415,21,76,0,Harpy
1778299106_2415,22,67,0,Wolf
1778299106_2415,23,85,0,BurstElite
1778299106_2415,24,50,0,SniperElite
1778299106_2415,25,15,0,Harpy
1778299106_2415,26,116,1,Storm Sovereign
1778299106_2415,27,58,0,Wraith
1778299106_2415,28,76,0,OmniElite
1778299106_2415,29,60,0,GunnerElite
1778299106_2415,30,56,0,Wolf
1778299106_2415,31,45,0,Bone Overlord
1778299106_2415,32,64,0,Lava Titan
1778299106_2415,33,72,0,Wolf
1778299106_2415,34,77,0,Elder Treant
1778299106_2415,35,44,0,Wolf
1778299106_2415,36,38,0,FireImp
1778299106_2415,37,84,0,Bat
1778299106_2415,38,59,0,Golem
1778299106_2415,39,60,0,Bat
1778299106_2415,40,50,0,Demon King Baldr
1778299106_2415,41,63,0,BurstElite
1778299106_2415,42,92,0,Storm Sovereign
1778299106_2415,43,40,0,Harpy
1778299106_2415,44,51,0,Storm Sovereign
1778299106_2415,45,60,0,MissileElite
1778299106_2415,46,129,1,Golem
1778299106_2415,47,26,1,Demon King Baldr
1778299106_2415,48,73,0,Golem
1778299106_2415,49,152,1,Skeleton
1778299106_2415,50,59,0,Storm Sovereign
1778299106_2415,51,72,0,Elder Treant
1778299106_2415,52,43,0,Harpy
1778299106_2415,53,66,0,StormMage
1778299106_2415,54,69,0,Demon King Baldr
1778299106_2415,55,47,0,Demon King Baldr
1778299106_2415,56,31,0,Wraith
1778299106_2415,57,55,0,Bat
1778299106_2415,58,58,0,Bat
1778299106_2415,59,27,0,Bone Overlord
1778299106_2415,60,29,0,Harpy
1778299106_2415,61,54,0,Elder Treant
1778299106_2415,62,69,0,Golem
1778299106_2415,63,53,0,Wraith
1778299106_2415,64,51,0,EliteHybrid
1778299106_2415,65,38,0,Wolf
1778299106_2415,66,159,1,Lava Titan
1778299106_2415,67,72,0,Bat
1778299106_2415,68,172,1,OmniElite
1778299106_2415,69,42,0,GunnerElite
1778299106_2415,70,47,0,Bat
1778299106_2415,71,52,0,Harpy
1778299106_2415,72,64,0,StormMage
1778299106_2415,73,168,1,Harpy
1778299106_2415,74,68,0,OmniElite
1778302706_3917,1,72,0,Skeleton
1778302706_3917,2,81,0,Skeleton
1778302706_3917,3,38,0,Harpy
1778302706_3917,4,50,0,StormMage
1778302706_3917,5,73,0,StormMage
1778302706_3917,6,51,0,Harpy
1778302706_3917,7,61,0,Bat
1778302706_3917,8,46,0,Skeleton
1778302706_3917,9,103,0,Slime
1778302706_3917,10,80,1,Slime
1778302706_3917,11,43,0,Wolf
1778302706_3917,12,73,0,Bat
1778302706_3917,13,95,0,Harpy
1778302706_3917,14,81,0,Skeleton
1778302706_3917,15,53,0,Slime
1778302706_3917,16,76,0,FireImp
1778302706_3917,17,76,0,Slime
1778302706_3917,18,84,0,StormMage
1778302706_3917,19,69,0,Golem
1778302706_3917,20,18,0,Slime
1778302706_3917,21,68,0,Golem
1778302706_3917,22,56,0,FireImp
1778302706_3917,23,47,0,Bat
1778302706_3917,24,71,0,Wolf
1778302706_3917,25,48,0,Golem
1778302706_3917,26,49,0,Wolf
1778302706_3917,27,90,1,Wolf
1778302706_3917,28,79,0,Bat
1778302706_3917,29,76,0,StormMage
1778302706_3917,30,78,0,Bat
1778302706_3917,31,64,0,FireImp
1778302706_3917,32,25,0,Harpy
1778302706_3917,33,61,0,StormMage
1778302706_3917,34,71,0,Wolf
1778302706_3917,35,36,0,FireImp
1778302706_3917,36,68,0,Golem
1778302706_3917,37,79,0,Wolf
1778302706_3917,38,12,0,StormMage
1778302706_3917,39,82,0,Wolf
1778302706_3917,40,147,1,Skeleton
1778302706_3917,41,18,0,Slime
1778302706_3917,42,64,0,Skeleton
1778302706_3917,43,40,0,Slime
1778302706_3917,44,67,0,Wolf
1778302706_3917,45,102,0,Golem
1778302706_3917,46,68,0,Golem
1778302706_3917,47,41,0,StormMage
1778302706_3917,48,30,0,Skeleton
1778302706_3917,49,78,0,Bat
1778302706_3917,50,52,0,FireImp
1778302706_3917,51,64,0,StormMage
1778302706_3917,52,56,0,Skeleton
1778302706_3917,53,59,0,Skeleton
1778302706_3917,54,84,1,Golem
1778302706_3917,55,42,0,Bat
1778302706_3917,56,52,0,Slime
1778306306_6192,1,61,0,Storm Sovereign
1778306306_6192,2,42,0,Storm Sovereign
1778306306_6192,3,61,0,Bat
1778306306_6192,4,14,0,Wolf
1778306306_6192,5,88,0,BurstElite
1778306306_6192,6,92,0,StormMage
1778306306_6192,7,132,1,Storm Sovereign
1778306306_6192,8,72,0,EliteHybrid
1778306306_6192,9,72,0,Skeleton
1778306306_6192,10,78,0,BurstElite
1778306306_6192,11,76,0,Wolf
1778306306_6192,12,88,0,SniperElite
1778306306_6192,13,38,0,BurstElite
1778306306_6192,14,92,0,Wraith
1778306306_6192,15,57,0,Lava Titan
1778306306_6192,16,198,1,OmniElite
1778306306_6192,17,67,0,Golem
1778306306_6192,18,44,0,MissileElite
1778306306_6192,19,65,0,Demon King Baldr
1778306306_6192,20,85,1,Elder Treant
1778306306_6192,21,98,0,Storm Sovereign
1778306306_6192,22,66,0,Skeleton
1778306306_6192,23,103,0,Golem
1778306306_6192,24,70,0,Storm Sovereign
1778306306_6192,25,69,0,BurstElite
1778306306_6192,26,55,0,Elder Treant
1778306306_6192,27,112,0,Wraith
1778306306_6192,28,80,0,OmniElite
1778306306_6192,29,150,1,Elder Treant
1778306306_6192,30,251,1,Wraith
1778306306_6192,31,44,0,StormMage
1778306306_6192,32,193,1,Elder Treant
1778306306_6192,33,78,0,Storm Sovereign
1778306306_6192,34,68,0,MissileElite
1778306306_6192,35,92,0,Bat
1778306306_6192,36,44,0,Storm Sovereign
1778306306_6192,37,87,0,FireImp
1778306306_6192,38,71,0,FireImp
1778306306_6192,39,64,0,SniperElite
1778306306_6192,40,150,1,Skeleton
1778306306_6192,41,28,0,Bat
1778306306_6192,42,65,0,Golem
1778306306_6192,43,21,0,Wraith
1778306306_6192,44,55,0,SniperElite
1778306306_6192,45,95,0,Slime
1778306306_6192,46,173,1,Elder Treant
1778306306_6192,47,42,1,Bone Overlord
1778306306_6192,48,97,0,Harpy
1778306306_6192,49,77,0,Bone Overlord
1778306306_6192,50,39,0,Lava Titan
1778306306_6192,51,56,0,Skeleton
1778306306_6192,52,51,1,Slime
1778306306_6192,53,48,0,OmniElite
1778306306_6192,54,71,0,Demon King Baldr
1778306306_6192,55,10,1,Bat
1778306306_6192,56,59,0,FireImp
1778306306_6192,57,61,0,Skeleton
1778306306_6192,58,49,0,Bat
1778306306_6192,59,105,0,Wolf
1778306306_6192,60,88,0,Wolf
1778306306_6192,61,143,1,EliteHybrid
1778306306_6192,62,82,1,Slime
1778306306_6192,63,70,0,Harpy
1778306306_6192,64,26,0,Harpy
1778306306_6192,65,186,1,EliteHybrid
1778306306_6192,66,89,0,SniperElite
1778306306_6192,67,40,0,Demon King Baldr
1778306306_6192,68,107,0,Storm Sovereign
1778306306_6192,69,109,0,Bone Overlord
1778306306_6192,70,87,0,Harpy
1778306306_6192,71,83,0,Slime
1778309906_2616,1,94,0,Bone Overlord
1778309906_2616,2,138,0,Lava Titan
1778309906_2616,3,144,0,Skeleton
1778309906_2616,4,91,0,Demon King Baldr
1778309906_2616,5,114,0,OmniElite
1778309906_2616,6,105,0,MissileElite
1778309906_2616,7,135,0,Skeleton
1778309906_2616,8,149,0,SniperElite
1778309906_2616,9,61,0,Elder Treant
1778309906_2616,10,83,0,Skeleton
1778309906_2616,11,141,1,Storm Sovereign
1778309906_2616,12,156,0,Golem
1778309906_2616,13,225,1,GunnerElite
1778309906_2616,14,120,0,StormMage
1778309906_2616,15,163,0,Elder Treant
1778309906_2616,16,89,0,EliteHybrid
1778309906_2616,17,154,0,BurstElite
1778309906_2616,18,67,0,Elder Treant
1778309906_2616,19,140,0,FireImp
1778309906_2616,20,101,0,Elder Treant
1778309906_2616,21,83,0,FireImp
1778309906_2616,22,155,0,Elder Treant
1778309906_2616,23,110,0,Golem
1778309906_2616,24,134,1,Bat
1778309906_2616,25,135,0,Bone Overlord
1778309906_2616,26,106,0,Elder Treant
1778309906_2616,27,38,0,EliteHybrid
1778309906_2616,28,38,0,Slime
1778309906_2616,29,82,0,Wolf
1778309906_2616,30,361,1,BurstElite
1778309906_2616,31,95,0,Wolf
1778309906_2616,32,143,0,Wraith
1778309906_2616,33,108,0,Golem
1778309906_2616,34,80,0,Elder Treant
1778309906_2616,35,100,0,Storm Sovereign
1778309906_2616,36,76,0,Storm Sovereign
1778309906_2616,37,54,0,Lava Titan
1778313506_3560,1,167,1,Golem
1778313506_3560,2,52,0,Slime
1778313506_3560,3,56,0,Wraith
1778313506_3560,4,116,1,FireImp
1778313506_3560,5,76,0,Slime
1778313506_3560,6,75,0,Harpy
1778313506_3560,7,20,0,SniperElite
1778313506_3560,8,45,0,Slime
1778313506_3560,9,88,0,Wraith
1778313506_3560,10,134,1,SniperElite
1778313506_3560,11,56,0,GunnerElite
1778313506_3560,12,47,0,Wraith
1778313506_3560,13,47,0,GunnerElite
1778313506_3560,14,123,0,Wolf
1778313506_3560,15,81,0,Slime
1778313506_3560,16,41,0,Wraith
1778313506_3560,17,52,0,Wolf
1778313506_3560,18,75,0,Wraith
1778313506_3560,19,195,1,StormMage
1778313506_3560,20,77,0,Golem
1778313506_3560,21,75,0,FireImp
1778313506_3560,22,33,0,EliteHybrid
1778313506_3560,23,56,0,EliteHybrid
1778313506_3560,24,87,0,EliteHybrid
1778313506_3560,25,67,0,Skeleton
1778313506_3560,26,69,0,Bat
1778313506_3560,27,42,0,FireImp
1778313506_3560,28,29,0,EliteHybrid
1778313506_3560,29,82,0,Wraith
1778313506_3560,30,23,0,Slime
1778313506_3560,31,83,1,GunnerElite
1778313506_3560,32,62,0,Harpy
1778313506_3560,33,27,0,GunnerElite
1778313506_3560,34,90,0,Harpy
1778313506_3560,35,143,1,Bat
1778313506_3560,36,84,0,Wolf
1778313506_3560,37,68,0,FireImp
1778313506_3560,38,70,0,EliteHybrid
1778313506_3560,39,89,0,Bat
1778313506_3560,40,121,1,FireImp
1778313506_3560,41,70,0,GunnerElite
1778313506_3560,42,47,0,SniperElite
1778313506_3560,43,61,0,Wolf
1778313506_3560,44,66,0,FireImp
1778313506_3560,45,98,0,Golem
1778313506_3560,46,29,0,Wolf
1778313506_3560,47,30,0,Bat
1778313506_3560,48,212,1,Wolf
1778313506_3560,49,22,0,EliteHybrid
1778313506_3560,50,59,0,Wolf
1778313506_3560,51,66,0,Golem
1778313506_3560,52,77,0,SniperElite
1778313506_3560,53,36,0,Harpy
1778313506_3560,54,90,0,Wolf
1778313506_3560,55,93,0,FireImp
1778313506_3560,56,120,0,Slime
1778313506_3560,57,43,0,Golem
1778313506_3560,58,67,0,StormMage
1778313506_3560,59,41,0,Skeleton
1778313506_3560,60,11,0,SniperElite
1778313506_3560,61,52,0,Wraith
1778313506_3560,62,185,1,Slime
1778313506_3560,63,50,0,EliteHybrid
1778313506_3560,64,27,0,GunnerElite
1778313506_3560,65,86,0,Wolf
1778313506_3560,66,60,0,Bat
1778313506_3560,67,80,0,Harpy
1778313506_3560,68,47,0,FireImp
1778313506_3560,69,48,0,FireImp
1778313506_3560,70,117,0,Skeleton
1778313506_3560,71,93,0,GunnerElite
1778313506_3560,72,49,0,Slime
1778313506_3560,73,64,0,StormMage
1778313506_3560,74,75,0,Harpy
1778313506_3560,75,84,0,Wolf
1778313506_3560,76,56,0,SniperElite
1778313506_3560,77,65,0,SniperElite
1778313506_3560,78,74,0,SniperElite
1778317106_6353,1,46,0,Skeleton
1778317106_6353,2,22,0,GunnerElite
1778317106_6353,3,16,0,SniperElite
1778317106_6353,4,147,1,Wraith
1778317106_6353,5,69,0,Harpy
1778317106_6353,6,23,0,Harpy
1778317106_6353,7,86,0,Bat
1778317106_6353,8,39,1,EliteHybrid
1778317106_6353,9,37,0,StormMage
1778317106_6353,10,32,0,SniperElite
1778317106_6353,11,57,0,Wraith
1778317106_6353,12,49,0,Wolf
1778317106_6353,13,64,0,Slime
1778317106_6353,14,50,0,Harpy
1778317106_6353,15,60,0,StormMage
1778317106_6353,16,25,1,Bat
1778317106_6353,17,86,0,SniperElite
1778317106_6353,18,42,0,Skeleton
1778317106_6353,19,42,0,FireImp
1778317106_6353,20,59,0,Bat
1778317106_6353,21,74,1,FireImp
1778317106_6353,22,63,0,StormMage
1778317106_6353,23,69,0,StormMage
1778317106_6353,24,91,1,Golem
1778317106_6353,25,72,0,Harpy
1778317106_6353,26,50,0,SniperElite
1778317106_6353,27,47,0,Slime
1778317106_6353,28,49,0,Bat
1778317106_6353,29,36,0,GunnerElite
1778317106_6353,30,57,0,Wraith
1778317106_6353,31,96,1,Harpy
1778317106_6353,32,20,0,Harpy
1778317106_6353,33,49,0,Slime
1778317106_6353,34,45,0,FireImp
1778317106_6353,35,64,0,StormMage
1778317106_6353,36,147,1,EliteHybrid
1778317106_6353,37,40,0,Skeleton
1778317106_6353,38,59,0,FireImp
1778317106_6353,39,53,0,FireImp
1778317106_6353,40,10,0,FireImp
1778317106_6353,41,76,1,StormMage
1778317106_6353,42,51,0,Skeleton
1778317106_6353,43,13,0,StormMage
1778317106_6353,44,74,1,Bat
1778317106_6353,45,131,1,Wolf
1778317106_6353,46,73,0,StormMage
1778317106_6353,47,71,0,StormMage
1778317106_6353,48,58,0,Wolf
1778317106_6353,49,139,1,FireImp
1778317106_6353,50,42,1,EliteHybrid
1778317106_6353,51,64,0,Bat
1778317106_6353,52,32,0,Slime
1778317106_6353,53,29,0,Wolf
1778317106_6353,54,49,0,StormMage
1778317106_6353,55,81,1,GunnerElite
1778317106_6353,56,37,1,Wolf
1778317106_6353,57,140,1,GunnerElite
1778317106_6353,58,44,0,GunnerElite
1778317106_6353,59,193,1,GunnerElite
1778317106_6353,60,46,0,StormMage
1778317106_6353,61,40,0,Wraith
1778317106_6353,62,194,1,GunnerElite
1778317106_6353,63,46,0,EliteHybrid
1778320706_7248,1,171,0,Bat
1778320706_7248,2,98,0,Wolf
1778320706_7248,3,22,0,Slime
1778320706_7248,4,128,0,Bat
1778320706_7248,5,67,0,Bat
1778320706_7248,6,139,0,Wolf
1778320706_7248,7,127,0,Bat
1778320706_7248,8,143,0,Wolf
1778320706_7248,9,131,0,Wolf
1778320706_7248,10,147,0,Slime
1778320706_7248,11,87,0,Bat
1778320706_7248,12,165,0,Wolf
1778320706_7248,13,138,0,Skeleton
1778320706_7248,14,131,0,Slime
1778320706_7248,15,68,0,Slime
1778320706_7248,16,62,0,Bat
1778320706_7248,17,102,0,Skeleton
1778320706_7248,18,75,0,Slime
1778320706_7248,19,328,1,Wolf
1778320706_7248,20,255,1,Skeleton
1778320706_7248,21,36,0,Bat
1778320706_7248,22,108,0,Skeleton
1778320706_7248,23,65,0,Wolf
1778320706_7248,24,110,0,Skeleton
1778320706_7248,25,120,0,Slime
1778320706_7248,26,99,0,Slime
1778320706_7248,27,232,1,Bat
1778320706_7248,28,172,0,Bat
1778320706_7248,29,35,0,Skeleton
1778320706_7248,30,71,0,Skeleton
1778320706_7248,31,32,1,Wolf
1778320706_7248,32,111,0,Slime
1778320706_7248,33,110,0,Wolf
1778320706_7248,34,82,0,Wolf
1778320706_7248,35,173,1,Wolf
1778320706_7248,36,186,1,Bat
1778320706_7248,37,107,0,Bat
1778320706_7248,38,146,0,Skeleton
1778320706_7248,39,111,0,Bat
1778320706_7248,40,110,0,Bat
1778320706_7248,41,107,0,Bat
1778320706_7248,42,102,0,Skeleton
1778320706_7248,43,116,1,Bat
1778320706_7248,44,235,1,Slime
1778320706_7248,45,119,0,Bat
1778320706_7248,46,120,0,Skeleton
1778320706_7248,47,94,0,Bat
1778320706_7248,48,136,0,Skeleton
1778320706_7248,49,110,0,Wolf
1778324306_6556,1,156,1,MissileElite
1778324306_6556,2,95,0,Elder Treant
1778324306_6556,3,155,1,EliteHybrid
1778324306_6556,4,114,0,Golem
1778324306_6556,5,123,0,Skeleton
1778324306_6556,6,151,0,Bat
1778324306_6556,7,81,0,EliteHybrid
1778324306_6556,8,82,0,SniperElite
1778324306_6556,9,100,0,FireImp
1778324306_6556,10,37,0,Bone Overlord
1778324306_6556,11,199,1,OmniElite
1778324306_6556,12,84,0,Bat
1778324306_6556,13,149,0,Bat
1778324306_6556,14,84,0,Wolf
1778324306_6556,15,141,1,SniperElite
1778324306_6556,16,184,1,OmniElite
1778324306_6556,17,96,0,FireImp
1778324306_6556,18,55,0,GunnerElite
1778324306_6556,19,100,0,MissileElite
1778324306_6556,20,78,0,Slime
1778324306_6556,21,95,0,Bone Overlord
1778324306_6556,22,303,1,MissileElite
1778324306_6556,23,144,1,MissileElite
1778324306_6556,24,130,0,FireImp
1778324306_6556,25,104,0,OmniElite
1778324306_6556,26,61,0,Bone Overlord
1778324306_6556,27,193,1,Slime
1778324306_6556,28,63,0,Bone Overlord
1778324306_6556,29,106,0,Golem
1778324306_6556,30,88,0,BurstElite
1778324306_6556,31,96,0,Storm Sovereign
1778324306_6556,32,100,1,Bone Overlord
1778324306_6556,33,127,0,Lava Titan
1778324306_6556,34,87,0,GunnerElite
1778324306_6556,35,97,0,Bone Overlord
1778324306_6556,36,91,0,FireImp
1778324306_6556,37,82,0,Lava Titan
1778324306_6556,38,59,0,Demon King Baldr
1778324306_6556,39,64,0,BurstElite
1778324306_6556,40,52,0,Wraith
1778324306_6556,41,128,0,FireImp
1778324306_6556,42,114,0,Lava Titan
1778324306_6556,43,90,0,Bone Overlord
1778324306_6556,44,107,0,Golem
1778324306_6556,45,161,0,EliteHybrid
1778324306_6556,46,103,0,Wraith
1778324306_6556,47,145,1,SniperElite
1778324306_6556,48,1,0,Bone Overlord
1778324306_6556,49,87,0,Bat
1778324306_6556,50,101,0,Storm Sovereign
1778324306_6556,51,90,0,Storm Sovereign
1778324306_6556,52,57,0,Lava Titan
1778324306_6556,53,106,0,Storm Sovereign
1778324306_6556,54,73,0,BurstElite
1778324306_6556,55,69,0,Storm Sovereign
1778324306_6556,56,90,0,SniperElite
1778324306_6556,57,75,0,MissileElite
1778324306_6556,58,180,1,FireImp
1778324306_6556,59,58,0,Bone Overlord
1778324306_6556,60,98,0,Lava Titan
1778324306_6556,61,60,0,Elder Treant
1778324306_6556,62,89,0,OmniElite
1778324306_6556,63,63,0,MissileElite
1778324306_6556,64,19,0,FireImp
1778324306_6556,65,55,0,Bone Overlord
1778324306_6556,66,92,0,Bat
1778324306_6556,67,154,1,Lava Titan
1778324306_6556,68,59,0,Bat
1778324306_6556,69,145,1,Wolf
1778324306_6556,70,73,0,Bat
1778324306_6556,71,24,0,Elder Treant
1778324306_6556,72,315,1,Storm Sovereign
1778327906_7910,1,50,0,Wolf
1778327906_7910,2,28,0,Bat
1778327906_7910,3,110,1,Slime
1778327906_7910,4,22,0,Bat
1778327906_7910,5,20,0,Slime
1778327906_7910,6,69,0,Bat
1778327906_7910,7,44,0,Slime
1778327906_7910,8,23,0,Skeleton
1778327906_7910,9,38,0,Wolf
1778327906_7910,10,43,0,Slime
1778327906_7910,11,65,0,Slime
1778327906_7910,12,100,1,Wolf
1778327906_7910,13,59,0,Bat
1778327906_7910,14,93,1,Skeleton
1778327906_7910,15,42,0,Slime
1778327906_7910,16,49,0,Wolf
1778327906_7910,17,18,0,Skeleton
1778327906_7910,18,156,1,Wolf
1778327906_7910,19,44,0,Wolf
1778327906_7910,20,56,0,Bat
1778327906_7910,21,44,0,Wolf
1778327906_7910,22,75,1,Bat
1778327906_7910,23,54,0,Skeleton
1778327906_7910,24,51,0,Slime
1778327906_7910,25,58,0,Wolf
1778327906_7910,26,50,0,Bat
1778327906_7910,27,58,0,Bat
1778327906_7910,28,76,1,Wolf
1778327906_7910,29,49,0,Slime
1778327906_7910,30,45,0,Wolf
1778327906_7910,31,92,1,Wolf
1778327906_7910,32,62,0,Wolf
1778327906_7910,33,13,0,Bat
1778327906_7910,34,80,0,Bat
1778327906_7910,35,75,0,Skeleton
1778327906_7910,36,54,0,Wolf
1778327906_7910,37,84,0,Skeleton
1778327906_7910,38,46,0,Bat
1778327906_7910,39,78,0,Skeleton
1778327906_7910,40,106,1,Slime
1778327906_7910,41,77,1,Skeleton
1778327906_7910,42,62,0,Wolf
1778327906_7910,43,15,0,Skeleton
1778327906_7910,44,20,0,Bat
1778327906_7910,45,43,0,Wolf
1778327906_7910,46,70,0,Skeleton
1778327906_7910,47,71,0,Slime
1778327906_7910,48,49,0,Slime
1778327906_7910,49,66,0,Bat
1778327906_7910,50,32,0,Slime
1778327906_7910,51,94,1,Bat
1778331506_3022,1,56,0,FireImp
1778331506_3022,2,201,1,GunnerElite
1778331506_3022,3,55,0,SniperElite
1778331506_3022,4,130,0,Slime
1778331506_3022,5,217,0,SniperElite
1778331506_3022,6,244,1,Harpy
1778331506_3022,7,169,1,EliteHybrid
1778331506_3022,8,61,0,Wraith
1778331506_3022,9,112,0,Wraith
1778331506_3022,10,179,1,FireImp
1778331506_3022,11,105,0,Bat
1778331506_3022,12,156,0,GunnerElite
1778331506_3022,13,168,1,GunnerElite
1778331506_3022,14,81,0,StormMage
1778331506_3022,15,218,1,GunnerElite
1778331506_3022,16,122,0,Harpy
1778331506_3022,17,106,0,Harpy
1778331506_3022,18,102,0,Golem
1778331506_3022,19,168,0,Slime
1778331506_3022,20,131,0,Harpy
1778331506_3022,21,92,0,Golem
1778331506_3022,22,299,1,Slime
1778331506_3022,23,111,0,Bat
1778331506_3022,24,298,1,Skeleton
1778331506_3022,25,105,0,Wolf
1778331506_3022,26,98,0,Slime
1778331506_3022,27,98,0,GunnerElite
1778331506_3022,28,179,0,StormMage
1778331506_3022,29,81,0,Golem
1778331506_3022,30,146,0,Bat
1778331506_3022,31,48,0,Wraith
1778331506_3022,32,62,0,Wraith
1778331506_3022,33,161,1,Slime
1778331506_3022,34,52,0,Skeleton
1778331506_3022,35,394,1,Slime
1778331506_3022,36,211,1,EliteHybrid
1778331506_3022,37,387,1,Harpy
1778331506_3022,38,164,0,Wraith
1778331506_3022,39,147,0,Wraith
1778331506_3022,40,148,0,Wraith
1778331506_3022,41,113,0,Golem
1778331506_3022,42,164,1,Wraith
1778331506_3022,43,117,1,Wraith
1778331506_3022,44,98,0,Wraith
1778335106_3064,1,31,0,FireImp
1778335106_3064,2,69,0,SniperElite
1778335106_3064,3,72,0,FireImp
1778335106_3064,4,81,0,Wolf
1778335106_3064,5,67,0,Harpy
1778335106_3064,6,87,0,Skeleton
1778335106_3064,7,54,0,Elder Treant
1778335106_3064,8,38,0,GunnerElite
1778335106_3064,9,3,0,GunnerElite
1778335106_3064,10,88,1,Wolf
1778335106_3064,11,44,0,Slime
1778335106_3064,12,38,0,Harpy
1778335106_3064,13,34,0,GunnerElite
1778335106_3064,14,65,0,Slime
1778335106_3064,15,39,0,Skeleton
1778335106_3064,16,88,1,SniperElite
1778335106_3064,17,142,1,Harpy
1778335106_3064,18,55,0,Golem
1778335106_3064,19,72,0,StormMage
1778335106_3064,20,60,0,Bat
1778335106_3064,21,141,1,BurstElite
1778335106_3064,22,34,0,Harpy
1778335106_3064,23,23,0,StormMage
1778335106_3064,24,97,1,MissileElite
1778335106_3064,25,73,0,Skeleton
1778335106_3064,26,172,1,BurstElite
1778335106_3064,27,87,0,GunnerElite
1778335106_3064,28,12,0,Wolf
1778335106_3064,29,25,0,Harpy
1778335106_3064,30,136,1,EliteHybrid
1778335106_3064,31,45,0,Elder Treant
1778335106_3064,32,60,0,Skeleton
1778335106_3064,33,136,1,SniperElite
1778335106_3064,34,35,0,SniperElite
1778335106_3064,35,58,0,Elder Treant
1778335106_3064,36,53,0,BurstElite
1778335106_3064,37,35,0,Wolf
1778335106_3064,38,70,0,StormMage
1778335106_3064,39,100,0,Wraith
1778335106_3064,40,95,1,EliteHybrid
1778335106_3064,41,67,0,FireImp
1778335106_3064,42,58,0,StormMage
1778335106_3064,43,41,0,OmniElite
1778335106_3064,44,40,0,MissileElite
1778335106_3064,45,57,0,Elder Treant
1778335106_3064,46,98,1,Skeleton
1778335106_3064,47,76,0,Skeleton
1778335106_3064,48,51,0,Skeleton
1778335106_3064,49,81,0,StormMage
1778338706_2612,1,75,0,Harpy
1778338706_2612,2,52,0,Slime
1778338706_2612,3,43,0,Skeleton
1778338706_2612,4,78,0,Bat
1778338706_2612,5,79,0,StormMage
1778338706_2612,6,115,0,StormMage
1778338706_2612,7,67,0,Harpy
1778338706_2612,8,82,0,Harpy
1778338706_2612,9,80,0,Golem
1778338706_2612,10,241,1,FireImp
1778338706_2612,11,76,0,Golem
1778338706_2612,12,72,0,Harpy
1778338706_2612,13,35,0,FireImp
1778338706_2612,14,92,0,Slime
1778338706_2612,15,166,1,Golem
1778338706_2612,16,70,0,Harpy
1778338706_2612,17,90,0,Harpy
1778338706_2612,18,133,1,StormMage
1778338706_2612,19,134,1,Skeleton
1778338706_2612,20,127,1,StormMage
1778338706_2612,21,90,0,Harpy
1778338706_2612,22,76,0,Bat
1778338706_2612,23,65,0,Golem
1778338706_2612,24,103,0,Skeleton
1778338706_2612,25,47,0,Wolf
1778338706_2612,26,257,1,Wolf
1778338706_2612,27,30,0,Bat
1778338706_2612,28,109,0,StormMage
1778338706_2612,29,91,0,Bat
1778338706_2612,30,101,0,StormMage
1778342306_5512,1,94,0,FireImp
1778342306_5512,2,54,0,Skeleton
1778342306_5512,3,59,0,Harpy
1778342306_5512,4,81,0,Skeleton
1778342306_5512,5,69,0,Slime
1778342306_5512,6,62,0,Skeleton
1778342306_5512,7,67,0,Wolf
1778342306_5512,8,109,0,Bat
1778342306_5512,9,95,0,Wolf
1778342306_5512,10,58,0,Wolf
1778342306_5512,11,74,0,Harpy
1778342306_5512,12,42,0,FireImp
1778342306_5512,13,168,1,StormMage
1778342306_5512,14,80,0,Harpy
1778342306_5512,15,167,1,Skeleton
1778342306_5512,16,53,0,StormMage
1778342306_5512,17,63,0,Bat
1778342306_5512,18,74,0,StormMage
1778342306_5512,19,103,0,Skeleton
1778342306_5512,20,110,0,Wolf
1778342306_5512,21,79,0,Skeleton
1778342306_5512,22,198,1,FireImp
1778342306_5512,23,87,0,Slime
1778342306_5512,24,93,0,Bat
1778342306_5512,25,65,0,Wolf
1778342306_5512,26,76,0,FireImp
1778342306_5512,27,82,1,Bat
1778342306_5512,28,85,0,Golem
1778342306_5512,29,158,1,Slime
1778342306_5512,30,64,0,Bat
1778342306_5512,31,69,0,Wolf
1778342306_5512,32,64,0,Skeleton
1778342306_5512,33,72,0,Golem
1778342306_5512,34,65,0,Bat
1778342306_5512,35,30,0,Harpy
1778342306_5512,36,60,1,Golem
1778342306_5512,37,71,0,Slime
1778342306_5512,38,77,0,StormMage
1778342306_5512,39,80,0,Golem
1778342306_5512,40,266,1,Harpy
1778342306_5512,41,62,0,Wolf
1778342306_5512,42,106,0,Skeleton
1778342306_5512,43,73,0,Harpy
1778342306_5512,44,84,0,Skeleton
1778342306_5512,45,55,0,Golem
1778342306_5512,46,105,0,StormMage
1778342306_5512,47,77,0,StormMage
1778342306_5512,48,75,0,Bat
1778342306_5512,49,59,1,Wolf
1778342306_5512,50,72,0,Harpy
1778342306_5512,51,152,1,FireImp
1778342306_5512,52,37,0,Harpy
1778342306_5512,53,75,0,StormMage
1778342306_5512,54,80,0,Golem
1778342306_5512,55,88,0,Slime
1778342306_5512,56,90,0,Harpy
1778342306_5512,57,143,1,Golem
1778342306_5512,58,56,0,Bat
1778342306_5512,59,19,0,Bat
1778342306_5512,60,59,0,Bat
1778342306_5512,61,53,0,StormMage
1778342306_5512,62,57,0,Wolf
1778342306_5512,63,179,1,Skeleton
1778342306_5512,64,66,0,Skeleton
1778342306_5512,65,102,0,Bat
1778342306_5512,66,92,0,Wolf
1778342306_5512,67,91,1,Harpy
1778342306_5512,68,169,1,FireImp
1778342306_5512,69,13,0,StormMage
1778342306_5512,70,104,1,Harpy
1778342306_5512,71,52,0,Harpy
1778345906_3553,1,113,0,Skeleton
1778345906_3553,2,156,1,Slime
1778345906_3553,3,283,1,SniperElite
1778345906_3553,4,18,0,SniperElite
1778345906_3553,5,93,0,Wraith
1778345906_3553,6,63,0,Wolf
1778345906_3553,7,57,0,Bat
1778345906_3553,8,124,1,EliteHybrid
1778345906_3553,9,116,0,SniperElite
1778345906_3553,10,53,0,Wolf
1778345906_3553,11,87,0,MissileElite
1778345906_3553,12,206,1,Slime
1778345906_3553,13,66,0,FireImp
1778345906_3553,14,86,0,EliteHybrid
1778345906_3553,15,123,0,Golem
1778345906_3553,16,142,0,BurstElite
1778345906_3553,17,93,0,Skeleton
1778345906_3553,18,69,0,MissileElite
1778345906_3553,19,87,0,Wraith
1778345906_3553,20,50,0,Wraith
1778345906_3553,21,89,0,Skeleton
1778345906_3553,22,120,0,FireImp
1778345906_3553,23,115,0,Harpy
1778345906_3553,24,117,0,Golem
1778345906_3553,25,75,0,Slime
1778345906_3553,26,133,0,MissileElite
1778345906_3553,27,120,0,MissileElite
1778345906_3553,28,103,0,Harpy
1778345906_3553,29,115,0,Bat
1778345906_3553,30,62,1,Golem
1778345906_3553,31,106,0,Harpy
1778345906_3553,32,85,0,Bat
1778345906_3553,33,156,0,Golem
1778345906_3553,34,184,1,Slime
1778345906_3553,35,95,0,Elder Treant
1778345906_3553,36,71,1,Slime
1778345906_3553,37,94,0,Wolf
1778345906_3553,38,266,1,EliteHybrid
1778345906_3553,39,111,0,Elder Treant
1778345906_3553,40,91,0,GunnerElite
1778345906_3553,41,46,0,StormMage
1778345906_3553,42,132,0,Wolf
1778345906_3553,43,72,0,GunnerElite
1778345906_3553,44,90,0,BurstElite
1778345906_3553,45,87,0,FireImp
1778345906_3553,46,105,0,StormMage
1778345906_3553,47,91,0,Elder Treant
1778345906_3553,48,96,1,GunnerElite
1778345906_3553,49,174,1,Wolf
1778345906_3553,50,139,0,StormMage
1778345906_3553,51,79,0,BurstElite
1778345906_3553,52,85,0,Elder Treant
1778345906_3553,53,33,0,Bat
1778345906_3553,54,163,1,Wolf
1778345906_3553,55,148,1,Wraith
1778345906_3553,56,141,0,OmniElite
1778345906_3553,57,2,1,Bat
1778345906_3553,58,50,0,Golem
1778345906_3553,59,93,0,Skeleton
1778345906_3553,60,409,1,GunnerElite
1778345906_3553,61,150,0,EliteHybrid
1778345906_3553,62,93,0,Bat
1778345906_3553,63,113,0,Elder Treant
1778345906_3553,64,129,0,Skeleton
1778345906_3553,65,115,0,BurstElite
1778349506_7252,1,36,0,Slime
1778349506_7252,2,102,0,Harpy
1778349506_7252,3,106,0,SniperElite
1778349506_7252,4,13,0,FireImp
1778349506_7252,5,35,0,BurstElite
1778349506_7252,6,150,1,GunnerElite
1778349506_7252,7,102,0,Elder Treant
1778349506_7252,8,112,0,FireImp
1778349506_7252,9,57,0,Wolf
1778349506_7252,10,60,0,Wraith
1778349506_7252,11,31,0,Elder Treant
1778349506_7252,12,67,0,Harpy
1778349506_7252,13,30,0,GunnerElite
1778349506_7252,14,158,1,StormMage
1778349506_7252,15,65,0,Golem
1778349506_7252,16,60,0,BurstElite
1778349506_7252,17,54,0,Golem
1778349506_7252,18,109,0,BurstElite
1778349506_7252,19,49,0,BurstElite
1778349506_7252,20,98,0,Wraith
1778349506_7252,21,57,0,BurstElite
1778349506_7252,22,243,1,Wolf
1778349506_7252,23,89,0,Golem
1778349506_7252,24,37,0,OmniElite
1778349506_7252,25,119,1,Harpy
1778349506_7252,26,49,0,Slime
1778349506_7252,27,86,1,FireImp
1778349506_7252,28,103,0,MissileElite
1778349506_7252,29,124,1,Elder Treant
1778349506_7252,30,99,1,GunnerElite
1778349506_7252,31,15,0,BurstElite
1778349506_7252,32,33,0,Bat
1778349506_7252,33,69,0,Golem
1778349506_7252,34,95,0,BurstElite
1778349506_7252,35,79,0,Skeleton
1778349506_7252,36,1,0,BurstElite
1778349506_7252,37,62,0,Bat
1778349506_7252,38,192,1,StormMage
1778349506_7252,39,98,0,EliteHybrid
1778349506_7252,40,72,0,Bat
1778349506_7252,41,72,0,MissileElite
1778349506_7252,42,53,0,FireImp
1778349506_7252,43,74,0,Golem
1778349506_7252,44,72,0,Slime
1778349506_7252,45,33,0,Elder Treant
1778349506_7252,46,226,1,Bat
1778349506_7252,47,68,0,Bat
1778349506_7252,48,113,1,Golem
1778349506_7252,49,93,0,Wolf
1778349506_7252,50,132,1,Golem
1778349506_7252,51,83,0,Skeleton
1778349506_7252,52,77,0,Wraith
1778349506_7252,53,48,0,Slime
1778349506_7252,54,90,0,Wolf
1778349506_7252,55,95,0,OmniElite
1778349506_7252,56,124,1,GunnerElite
1778349506_7252,57,1,0,Harpy
1778349506_7252,58,58,0,Wolf
1778349506_7252,59,69,0,Harpy
1778349506_7252,60,83,0,Harpy
1778349506_7252,61,51,0,MissileElite
1778349506_7252,62,112,1,BurstElite
1778349506_7252,63,59,0,EliteHybrid
1778349506_7252,64,56,0,FireImp
1778349506_7252,65,59,0,Harpy
1778349506_7252,66,65,0,Golem
1778353106_7876,1,51,0,Slime
1778353106_7876,2,241,1,StormMage
1778353106_7876,3,50,0,Golem
1778353106_7876,4,64,0,Wraith
1778353106_7876,5,53,1,Storm Sovereign
1778353106_7876,6,38,0,Lava Titan
1778353106_7876,7,113,1,BurstElite
1778353106_7876,8,156,1,Lava Titan
1778353106_7876,9,18,0,Storm Sovereign
1778353106_7876,10,79,1,Bone Overlord
1778353106_7876,11,109,1,EliteHybrid
1778353106_7876,12,64,1,SniperElite
1778353106_7876,13,53,0,OmniElite
1778353106_7876,14,104,1,OmniElite
1778353106_7876,15,41,0,StormMage
1778353106_7876,16,57,0,Skeleton
1778353106_7876,17,77,0,Skeleton
1778353106_7876,18,50,0,Skeleton
1778353106_7876,19,93,1,Wraith
1778353106_7876,20,9,0,Elder Treant
1778353106_7876,21,58,0,Bone Overlord
1778353106_7876,22,54,0,FireImp
1778353106_7876,23,33,0,Lava Titan
1778353106_7876,24,60,0,BurstElite
1778353106_7876,25,70,0,Slime
1778353106_7876,26,58,0,Lava Titan
1778353106_7876,27,57,0,Bone Overlord
1778353106_7876,28,42,0,Wolf
1778353106_7876,29,16,0,Bone Overlord
1778353106_7876,30,25,0,Golem
1778353106_7876,31,91,0,Wolf
1778353106_7876,32,75,0,BurstElite
1778353106_7876,33,83,0,StormMage
1778353106_7876,34,104,0,Bat
1778353106_7876,35,51,0,Slime
1778353106_7876,36,80,0,Storm Sovereign
1778353106_7876,37,21,0,Bone Overlord
1778353106_7876,38,85,0,Wolf
1778353106_7876,39,96,0,Wolf
1778353106_7876,40,40,0,Demon King Baldr
1778353106_7876,41,83,1,Golem
1778353106_7876,42,61,0,Slime
1778353106_7876,43,164,1,FireImp
1778353106_7876,44,71,0,Elder Treant
1778353106_7876,45,92,0,Elder Treant
1778353106_7876,46,59,0,Wraith
1778353106_7876,47,29,0,EliteHybrid
1778353106_7876,48,187,1,OmniElite
1778353106_7876,49,67,0,SniperElite
1778353106_7876,50,73,0,Harpy
1778353106_7876,51,146,1,GunnerElite
1778353106_7876,52,68,0,Golem
1778353106_7876,53,32,0,EliteHybrid
1778353106_7876,54,32,1,Elder Treant
1778353106_7876,55,67,0,BurstElite
1778353106_7876,56,27,0,BurstElite
1778353106_7876,57,91,0,FireImp
1778353106_7876,58,202,1,StormMage
1778353106_7876,59,93,0,Demon King Baldr
1778353106_7876,60,69,0,MissileElite
1778353106_7876,61,86,1,Demon King Baldr
1778353106_7876,62,127,1,StormMage
1778353106_7876,63,55,0,StormMage
1778353106_7876,64,67,0,MissileElite
1778353106_7876,65,67,0,Bone Overlord
1778353106_7876,66,87,0,Harpy
1778353106_7876,67,84,0,StormMage
1778353106_7876,68,116,1,EliteHybrid
1778353106_7876,69,103,0,Demon King Baldr
1778353106_7876,70,129,1,BurstElite
1778353106_7876,71,43,0,StormMage
1778353106_7876,72,67,0,MissileElite
1778353106_7876,73,33,0,Wraith
1778353106_7876,74,123,1,SniperElite
1778353106_7876,75,53,0,Golem
1778353106_7876,76,77,1,GunnerElite
1778353106_7876,77,62,0,Bat
1778353106_7876,78,79,0,EliteHybrid
1778353106_7876,79,75,0,Bat
1778356706_1223,1,79,0,Bat
1778356706_1223,2,167,0,Harpy
1778356706_1223,3,230,1,Bat
1778356706_1223,4,123,0,Elder Treant
1778356706_1223,5,106,0,Harpy
1778356706_1223,6,148,1,EliteHybrid
1778356706_1223,7,84,0,SniperElite
1778356706_1223,8,115,0,MissileElite
1778356706_1223,9,140,1,Slime
1778356706_1223,10,101,0,Wraith
1778356706_1223,11,241,1,Harpy
1778356706_1223,12,86,0,Skeleton
1778356706_1223,13,132,1,BurstElite
1778356706_1223,14,60,0,Harpy
1778356706_1223,15,145,1,Harpy
1778356706_1223,16,85,0,OmniElite
1778356706_1223,17,86,0,EliteHybrid
1778356706_1223,18,81,0,Bat
1778356706_1223,19,199,1,StormMage
1778356706_1223,20,77,0,EliteHybrid
1778356706_1223,21,131,0,EliteHybrid
1778356706_1223,22,95,0,Harpy
1778356706_1223,23,81,0,Slime
1778356706_1223,24,62,0,GunnerElite
1778356706_1223,25,121,1,EliteHybrid
1778356706_1223,26,83,0,GunnerElite
1778356706_1223,27,57,0,Slime
1778356706_1223,28,98,0,Golem
1778356706_1223,29,69,0,Slime
1778356706_1223,30,4,0,Bat
1778356706_1223,31,68,0,BurstElite
1778356706_1223,32,111,0,Harpy
1778356706_1223,33,80,0,StormMage
1778356706_1223,34,79,0,BurstElite
1778356706_1223,35,209,1,MissileElite
1778356706_1223,36,82,1,Golem
1778356706_1223,37,137,0,Golem
1778356706_1223,38,102,0,Wraith
1778356706_1223,39,233,1,Golem
1778356706_1223,40,205,1,MissileElite
1778356706_1223,41,45,0,BurstElite
1778356706_1223,42,119,0,Slime
1778356706_1223,43,111,0,BurstElite
1778356706_1223,44,183,1,Wolf
1778356706_1223,45,229,1,EliteHybrid
1778356706_1223,46,284,1,Bat
1778356706_1223,47,122,0,GunnerElite
1778356706_1223,48,223,1,OmniElite
1778356706_1223,49,78,0,Wraith
1778356706_1223,50,180,1,Bat
1778356706_1223,51,190,1,Wraith
1778356706_1223,52,140,0,Slime
1778356706_1223,53,127,0,Slime
1778356706_1223,54,93,0,Wraith
1778356706_1223,55,119,0,BurstElite
1778356706_1223,56,69,0,Elder Treant
1778356706_1223,57,80,1,Bat
1778356706_1223,58,229,1,SniperElite
1778356706_1223,59,81,0,Skeleton
1778356706_1223,60,264,1,Golem
1778356706_1223,61,62,0,FireImp
1778356706_1223,62,125,0,Wraith
1778356706_1223,63,59,0,Bat
1778356706_1223,64,83,0,EliteHybrid
1778356706_1223,65,124,0,Skeleton
1778356706_1223,66,103,0,FireImp
1778356706_1223,67,28,0,BurstElite
1778356706_1223,68,36,0,Skeleton
1778356706_1223,69,222,1,EliteHybrid
1778356706_1223,70,245,1,SniperElite
1778360306_6231,1,338,1,StormMage
1778360306_6231,2,274,1,Slime
1778360306_6231,3,89,0,Elder Treant
1778360306_6231,4,427,1,FireImp
1778360306_6231,5,94,0,FireImp
1778360306_6231,6,145,0,MissileElite
1778360306_6231,7,73,0,StormMage
1778360306_6231,8,140,0,FireImp
1778360306_6231,9,126,0,Slime
1778360306_6231,10,194,1,Skeleton
1778360306_6231,11,77,0,Golem
1778360306_6231,12,291,1,MissileElite
1778360306_6231,13,242,1,FireImp
1778360306_6231,14,118,0,MissileElite
1778360306_6231,15,54,0,OmniElite
1778360306_6231,16,131,0,FireImp
1778360306_6231,17,125,1,Golem
1778360306_6231,18,112,0,OmniElite
1778360306_6231,19,118,0,EliteHybrid
1778360306_6231,20,161,0,MissileElite
1778360306_6231,21,95,0,EliteHybrid
1778360306_6231,22,168,0,FireImp
1778360306_6231,23,110,0,BurstElite
1778360306_6231,24,225,1,Skeleton
1778360306_6231,25,99,0,OmniElite
1778360306_6231,26,59,0,BurstElite
1778360306_6231,27,300,1,MissileElite
1778360306_6231,28,277,1,GunnerElite
1778360306_6231,29,273,1,Bat
1778360306_6231,30,170,0,Wraith
1778360306_6231,31,273,1,Wolf
1778360306_6231,32,120,0,Wolf
1778360306_6231,33,136,0,Elder Treant
1778360306_6231,34,153,0,Slime
1778360306_6231,35,129,0,Wraith
1778360306_6231,36,166,0,BurstElite
1778360306_6231,37,106,0,FireImp
1778360306_6231,38,113,0,Bat
1778360306_6231,39,100,0,FireImp
1778360306_6231,40,192,0,Wolf
1778360306_6231,41,129,0,FireImp
1778360306_6231,42,112,0,StormMage
1778360306_6231,43,103,0,FireImp
1778360306_6231,44,121,0,GunnerElite
1778360306_6231,45,94,0,FireImp
1778360306_6231,46,98,0,MissileElite
1778360306_6231,47,349,1,BurstElite
1778360306_6231,48,128,0,FireImp
1778360306_6231,49,260,0,Elder Treant
1778360306_6231,50,124,0,Wraith
1778360306_6231,51,123,0,Skeleton
1778360306_6231,52,146,1,Skeleton
1778360306_6231,53,119,0,SniperElite
1778360306_6231,54,109,0,OmniElite
1778363906_5226,1,175,1,OmniElite
1778363906_5226,2,71,0,Demon King Baldr
1778363906_5226,3,130,0,Wolf
1778363906_5226,4,74,0,Slime
1778363906_5226,5,104,1,BurstElite
1778363906_5226,6,186,1,OmniElite
1778363906_5226,7,98,0,SniperElite
1778363906_5226,8,38,0,OmniElite
1778363906_5226,9,161,1,Bat
1778363906_5226,10,128,0,Harpy
1778363906_5226,11,46,0,Skeleton
1778363906_5226,12,39,0,Elder Treant
1778363906_5226,13,332,1,Lava Titan
1778363906_5226,14,92,0,GunnerElite
1778363906_5226,15,100,0,Demon King Baldr
1778363906_5226,16,77,0,MissileElite
1778363906_5226,17,66,0,Harpy
1778363906_5226,18,126,0,MissileElite
1778363906_5226,19,93,0,Golem
1778363906_5226,20,84,0,Wraith
1778363906_5226,21,81,0,OmniElite
1778363906_5226,22,98,0,EliteHybrid
1778363906_5226,23,95,1,MissileElite
1778363906_5226,24,104,1,MissileElite
1778363906_5226,25,113,0,Lava Titan
1778363906_5226,26,70,0,SniperElite
1778363906_5226,27,61,0,Storm Sovereign
1778363906_5226,28,73,0,Demon King Baldr
1778363906_5226,29,179,1,Storm Sovereign
1778363906_5226,30,58,0,GunnerElite
1778363906_5226,31,145,1,FireImp
1778363906_5226,32,52,0,MissileElite
1778363906_5226,33,76,0,Slime
1778363906_5226,34,139,0,OmniElite
1778363906_5226,35,71,0,Storm Sovereign
1778363906_5226,36,91,0,MissileElite
1778363906_5226,37,86,0,Golem
1778363906_5226,38,61,0,Harpy
1778363906_5226,39,64,0,Storm Sovereign
1778363906_5226,40,100,0,Wraith
1778363906_5226,41,68,0,Bone Overlord
1778363906_5226,42,81,0,OmniElite
1778363906_5226,43,63,0,SniperElite
1778363906_5226,44,56,0,GunnerElite
1778363906_5226,45,196,1,MissileElite
1778363906_5226,46,109,1,Wraith
1778363906_5226,47,100,0,MissileElite
1778363906_5226,48,48,0,Bat
1778363906_5226,49,45,0,Bat
1778363906_5226,50,80,0,Bat
1778363906_5226,51,78,0,Demon King Baldr
1778363906_5226,52,86,0,Storm Sovereign
1778363906_5226,53,70,0,Wraith
1778367506_7891,1,189,0,FireImp
1778367506_7891,2,93,0,FireImp
1778367506_7891,3,88,0,Bat
1778367506_7891,4,501,1,Slime
1778367506_7891,5,145,0,Golem
1778367506_7891,6,123,0,Harpy
1778367506_7891,7,285,1,Slime
1778367506_7891,8,235,0,Harpy
1778367506_7891,9,162,0,Skeleton
1778367506_7891,10,164,0,Golem
1778367506_7891,11,177,1,Wolf
1778367506_7891,12,116,0,Harpy
1778367506_7891,13,154,0,Skeleton
1778367506_7891,14,71,0,Bat
1778367506_7891,15,301,1,Skeleton
1778367506_7891,16,289,1,Wolf
1778367506_7891,17,112,0,StormMage
1778367506_7891,18,117,0,Golem
1778367506_7891,19,145,0,Bat
1778367506_7891,20,178,0,Bat
1778367506_7891,21,109,0,FireImp
1778367506_7891,22,45,0,FireImp
1778367506_7891,23,350,1,Wolf
1778367506_7891,24,323,1,Wolf
1778367506_7891,25,148,0,Wolf
1778367506_7891,26,339,1,Bat
1778367506_7891,27,153,1,Wolf
1778367506_7891,28,152,0,Harpy
1778367506_7891,29,95,0,Skeleton
1778367506_7891,30,265,1,Skeleton
1778371106_1515,1,117,0,Skeleton
1778371106_1515,2,169,1,Wolf
1778371106_1515,3,100,0,Skeleton
1778371106_1515,4,147,0,Skeleton
1778371106_1515,5,39,0,Bat
1778371106_1515,6,118,0,Skeleton
1778371106_1515,7,131,0,Skeleton
1778371106_1515,8,154,0,Slime
1778371106_1515,9,50,0,Wolf
1778371106_1515,10,73,0,Bat
1778371106_1515,11,68,0,Skeleton
1778371106_1515,12,121,0,Slime
1778371106_1515,13,74,0,Skeleton
1778371106_1515,14,80,0,Slime
1778371106_1515,15,31,0,Skeleton
1778371106_1515,16,129,0,Skeleton
1778371106_1515,17,45,0,Skeleton
1778371106_1515,18,59,0,Slime
1778371106_1515,19,118,0,Skeleton
1778371106_1515,20,134,0,Wolf
1778371106_1515,21,85,0,Slime
1778371106_1515,22,171,1,Skeleton
1778371106_1515,23,115,0,Wolf
1778371106_1515,24,151,0,Bat
1778371106_1515,25,99,0,Skeleton
1778371106_1515,26,129,0,Slime
1778371106_1515,27,57,0,Bat
1778371106_1515,28,81,0,Skeleton
1778371106_1515,29,108,0,Slime
1778371106_1515,30,116,0,Bat
1778371106_1515,31,134,0,Bat
1778371106_1515,32,132,0,Slime
1778371106_1515,33,93,0,Slime
1778371106_1515,34,156,0,Skeleton
1778371106_1515,35,369,1,Slime
1778371106_1515,36,175,0,Slime
1778371106_1515,37,120,0,Skeleton
1778371106_1515,38,112,0,Skeleton
1778371106_1515,39,67,0,Slime
1778371106_1515,40,132,0,Bat
1778371106_1515,41,52,0,Skeleton
1778371106_1515,42,107,0,Slime
1778371106_1515,43,217,1,Skeleton
1778374706_8138,1,122,0,Harpy
1778374706_8138,2,246,1,Skeleton
1778374706_8138,3,145,0,Skeleton
1778374706_8138,4,121,0,Harpy
1778374706_8138,5,32,0,Wolf
1778374706_8138,6,89,0,StormMage
1778374706_8138,7,115,0,Golem
1778374706_8138,8,294,1,Wolf
1778374706_8138,9,72,0,Bat
1778374706_8138,10,83,0,Wolf
1778374706_8138,11,133,1,Bat
1778374706_8138,12,149,0,Bat
1778374706_8138,13,122,0,Golem
1778374706_8138,14,134,0,Golem
1778374706_8138,15,174,0,FireImp
1778374706_8138,16,104,0,Wolf
1778374706_8138,17,60,0,Bat
1778374706_8138,18,155,0,Bat
1778374706_8138,19,99,0,Bat
1778374706_8138,20,159,0,Wolf
1778374706_8138,21,333,1,Wolf
1778374706_8138,22,227,1,StormMage
1778374706_8138,23,208,0,Wolf
1778374706_8138,24,135,0,Skeleton
1778374706_8138,25,112,0,Harpy
1778374706_8138,26,106,0,Wolf
1778374706_8138,27,246,1,Harpy
1778374706_8138,28,257,1,StormMage
1778374706_8138,29,145,0,Wolf
1778374706_8138,30,94,0,Bat
1778374706_8138,31,155,1,FireImp
1778374706_8138,32,123,0,Harpy
1778374706_8138,33,171,0,Wolf
1778374706_8138,34,134,0,StormMage
1778374706_8138,35,196,0,Bat
1778374706_8138,36,100,0,Slime
1778374706_8138,37,318,1,StormMage
1778374706_8138,38,114,0,Skeleton
1778374706_8138,39,37,0,Wolf
1778374706_8138,40,138,0,Slime
1778374706_8138,41,152,0,Harpy
1778374706_8138,42,106,0,Wolf
1778374706_8138,43,331,1,Slime
1778374706_8138,44,27,0,StormMage
1778374706_8138,45,58,0,StormMage
1778374706_8138,46,179,0,FireImp
1778374706_8138,47,169,0,Skeleton
1778374706_8138,48,288,1,Golem
1778374706_8138,49,47,0,Golem
1778374706_8138,50,152,0,Golem
1778374706_8138,51,117,0,Golem
1778378306_5933,1,118,0,BurstElite
1778378306_5933,2,130,0,EliteHybrid
1778378306_5933,3,156,0,OmniElite
1778378306_5933,4,72,0,Bone Overlord
1778378306_5933,5,153,0,GunnerElite
1778378306_5933,6,191,0,MissileElite
1778378306_5933,7,317,1,GunnerElite
1778378306_5933,8,103,0,Bat
1778378306_5933,9,73,0,SniperElite
1778378306_5933,10,131,0,Slime
1778378306_5933,11,53,0,FireImp
1778378306_5933,12,114,0,Wraith
1778378306_5933,13,71,0,Wraith
1778378306_5933,14,144,1,OmniElite
1778378306_5933,15,145,0,Wolf
1778378306_5933,16,122,0,Slime
1778378306_5933,17,118,1,SniperElite
1778378306_5933,18,138,0,Bone Overlord
1778378306_5933,19,146,1,EliteHybrid
1778378306_5933,20,127,1,MissileElite
1778378306_5933,21,99,0,Elder Treant
1778378306_5933,22,105,0,StormMage
1778378306_5933,23,135,0,Bat
1778378306_5933,24,61,0,Wraith
1778378306_5933,25,93,0,GunnerElite
1778378306_5933,26,99,0,FireImp
1778378306_5933,27,225,1,Wraith
1778378306_5933,28,89,0,Wraith
1778378306_5933,29,62,0,BurstElite
1778378306_5933,30,91,0,MissileElite
1778378306_5933,31,154,0,Bone Overlord
1778378306_5933,32,141,0,SniperElite
1778378306_5933,33,72,0,MissileElite
1778378306_5933,34,122,0,Lava Titan
1778378306_5933,35,343,1,Wraith
1778378306_5933,36,125,0,Storm Sovereign
1778378306_5933,37,93,0,Storm Sovereign
1778378306_5933,38,112,0,Wolf
1778378306_5933,39,115,0,Slime
1778378306_5933,40,74,0,Bone Overlord
1778378306_5933,41,240,1,Bat
1778378306_5933,42,117,0,Bat
1778378306_5933,43,136,0,Wolf
1778378306_5933,44,148,1,Bone Overlord
1778378306_5933,45,113,0,FireImp
1778378306_5933,46,100,0,Elder Treant
1778378306_5933,47,169,0,FireImp
1778378306_5933,48,177,0,Wraith
1778378306_5933,49,95,0,Demon King Baldr
1778378306_5933,50,22,0,Bat
1778378306_5933,51,134,0,Bone Overlord
1778378306_5933,52,238,1,Elder Treant
1778378306_5933,53,160,0,Bat
1778381906_5913,1,101,0,SniperElite
1778381906_5913,2,59,0,GunnerElite
1778381906_5913,3,185,1,Golem
1778381906_5913,4,79,0,Wolf
1778381906_5913,5,66,0,Harpy
1778381906_5913,6,230,1,Wraith
1778381906_5913,7,117,0,GunnerElite
1778381906_5913,8,66,0,Golem
1778381906_5913,9,55,0,StormMage
1778381906_5913,10,233,1,EliteHybrid
1778381906_5913,11,70,0,EliteHybrid
1778381906_5913,12,113,0,EliteHybrid
1778381906_5913,13,372,1,Golem
1778381906_5913,14,71,0,Skeleton
1778381906_5913,15,59,0,GunnerElite
1778381906_5913,16,84,0,GunnerElite
1778381906_5913,17,127,0,StormMage
1778381906_5913,18,78,0,EliteHybrid
1778381906_5913,19,82,0,EliteHybrid
1778381906_5913,20,92,0,Wraith
1778381906_5913,21,147,0,Wraith
1778381906_5913,22,233,1,Bat
1778381906_5913,23,157,1,GunnerElite
1778381906_5913,24,39,0,SniperElite
1778381906_5913,25,103,0,Wolf
1778381906_5913,26,112,0,Harpy
1778381906_5913,27,83,0,Slime
1778381906_5913,28,82,0,Wolf
1778381906_5913,29,84,0,Golem
1778381906_5913,30,45,0,Golem
1778381906_5913,31,116,1,Skeleton
1778381906_5913,32,274,1,StormMage
1778381906_5913,33,92,0,Bat
1778381906_5913,34,101,0,Bat
1778381906_5913,35,207,1,GunnerElite
1778381906_5913,36,183,1,Harpy
1778381906_5913,37,100,0,Wolf
1778381906_5913,38,68,0,SniperElite
1778381906_5913,39,138,0,StormMage
1778381906_5913,40,103,0,EliteHybrid
1778385506_6768,1,117,0,Wraith
1778385506_6768,2,89,0,FireImp
1778385506_6768,3,94,0,FireImp
1778385506_6768,4,71,0,Skeleton
1778385506_6768,5,116,0,Wolf
1778385506_6768,6,71,0,Wraith
1778385506_6768,7,90,0,Harpy
1778385506_6768,8,65,0,Wraith
1778385506_6768,9,67,0,FireImp
1778385506_6768,10,91,0,Bat
1778385506_6768,11,89,0,Slime
1778385506_6768,12,123,0,GunnerElite
1778385506_6768,13,128,0,Slime
1778385506_6768,14,97,0,Wraith
1778385506_6768,15,109,0,Slime
1778385506_6768,16,88,0,SniperElite
1778385506_6768,17,106,0,Wolf
1778385506_6768,18,288,1,Wolf
1778385506_6768,19,153,1,GunnerElite
1778385506_6768,20,73,0,Bat
1778385506_6768,21,233,1,Bat
1778385506_6768,22,30,0,SniperElite
1778385506_6768,23,173,1,Harpy
1778385506_6768,24,101,0,Harpy
1778385506_6768,25,44,0,Wolf
1778385506_6768,26,29,0,Golem
1778385506_6768,27,123,0,Golem
1778385506_6768,28,85,0,Wraith
1778385506_6768,29,208,1,EliteHybrid
1778385506_6768,30,4,1,Slime
1778385506_6768,31,100,1,Skeleton
1778385506_6768,32,90,0,Bat
1778385506_6768,33,124,0,Skeleton
1778385506_6768,34,120,1,FireImp
1778385506_6768,35,72,0,Bat
1778385506_6768,36,41,0,Bat
1778385506_6768,37,97,0,FireImp
1778385506_6768,38,150,0,GunnerElite
1778385506_6768,39,75,0,FireImp
1778385506_6768,40,159,1,Harpy
1778385506_6768,41,134,0,Wraith
1778385506_6768,42,82,0,EliteHybrid
1778385506_6768,43,97,0,SniperElite
1778385506_6768,44,79,0,Skeleton
1778385506_6768,45,176,1,StormMage
1778385506_6768,46,159,1,Slime
1778385506_6768,47,66,0,Wraith
1778385506_6768,48,97,1,Wraith
1778385506_6768,49,138,0,Slime
1778385506_6768,50,227,1,Skeleton
1778385506_6768,51,70,0,EliteHybrid
1778385506_6768,52,123,0,Golem
1778385506_6768,53,105,0,Wraith
1778385506_6768,54,97,0,FireImp
1778385506_6768,55,65,0,Wraith
1778385506_6768,56,97,0,Wraith
1778385506_6768,57,103,0,Harpy
1778385506_6768,58,111,0,Wolf
1778385506_6768,59,20,0,SniperElite
1778385506_6768,60,121,0,EliteHybrid
1778385506_6768,61,84,0,Wraith
1778389106_9501,1,43,0,FireImp
1778389106_9501,2,90,0,Slime
1778389106_9501,3,92,0,FireImp
1778389106_9501,4,91,0,StormMage
1778389106_9501,5,44,0,Golem
1778389106_9501,6,75,0,Bat
1778389106_9501,7,101,1,Golem
1778389106_9501,8,87,0,StormMage
1778389106_9501,9,87,0,StormMage
1778389106_9501,10,239,1,Skeleton
1778389106_9501,11,94,0,Slime
1778389106_9501,12,92,1,StormMage
1778389106_9501,13,63,0,Slime
1778389106_9501,14,66,0,FireImp
1778389106_9501,15,73,0,Golem
1778389106_9501,16,68,0,Slime
1778389106_9501,17,107,1,Wolf
1778389106_9501,18,56,0,Golem
1778389106_9501,19,28,0,Wolf
1778389106_9501,20,50,0,FireImp
1778389106_9501,21,83,0,Golem
1778389106_9501,22,86,0,Golem
1778389106_9501,23,5,0,Skeleton
1778389106_9501,24,81,0,FireImp
1778389106_9501,25,262,1,Golem
1778389106_9501,26,46,0,Golem
1778389106_9501,27,91,0,Skeleton
1778389106_9501,28,60,0,Wolf
1778389106_9501,29,128,0,Harpy
1778389106_9501,30,52,0,Wolf
1778389106_9501,31,183,1,StormMage
1778389106_9501,32,45,0,Bat
1778389106_9501,33,80,0,Bat
1778389106_9501,34,52,0,Golem
1778389106_9501,35,72,0,Bat
1778389106_9501,36,90,0,Harpy
1778389106_9501,37,54,0,Golem
1778389106_9501,38,86,0,Bat
1778389106_9501,39,45,0,Skeleton
1778389106_9501,40,77,0,Bat
1778389106_9501,41,73,0,Skeleton
1778389106_9501,42,45,0,FireImp
1778389106_9501,43,62,0,Skeleton
1778389106_9501,44,79,0,Bat
1778389106_9501,45,205,1,FireImp
1778389106_9501,46,40,0,StormMage
1778389106_9501,47,145,1,Skeleton
1778389106_9501,48,56,0,Skeleton
1778389106_9501,49,39,0,Harpy
1778389106_9501,50,66,0,Harpy
1778389106_9501,51,63,0,Golem
1778389106_9501,52,52,0,Golem
1778389106_9501,53,41,0,Slime
1778389106_9501,54,124,1,StormMage
1778389106_9501,55,98,0,Harpy
1778389106_9501,56,51,0,StormMage
1778389106_9501,57,57,0,Wolf
1778389106_9501,58,55,1,Golem
1778389106_9501,59,57,0,Skeleton
1778389106_9501,60,45,0,FireImp
1778389106_9501,61,79,0,Golem
1778389106_9501,62,140,1,Harpy
1778389106_9501,63,64,0,Skeleton
1778389106_9501,64,228,1,Bat
1778389106_9501,65,51,0,Golem
1778389106_9501,66,153,1,Wolf
1778392706_5716,1,97,0,Bat
1778392706_5716,2,235,1,Slime
1778392706_5716,3,85,0,Harpy
1778392706_5716,4,128,0,Skeleton
1778392706_5716,5,277,1,Wolf
1778392706_5716,6,78,0,Harpy
1778392706_5716,7,179,1,Wolf
1778392706_5716,8,106,0,Wolf
1778392706_5716,9,200,1,Golem
1778392706_5716,10,79,0,Wolf
1778392706_5716,11,97,0,Harpy
1778392706_5716,12,169,1,Golem
1778392706_5716,13,123,0,Slime
1778392706_5716,14,150,0,Slime
1778392706_5716,15,107,0,Bat
1778392706_5716,16,155,0,FireImp
1778392706_5716,17,137,1,Skeleton
1778392706_5716,18,272,1,Bat
1778392706_5716,19,119,0,Bat
1778392706_5716,20,106,0,Slime
1778392706_5716,21,80,0,Bat
1778392706_5716,22,120,0,StormMage
1778392706_5716,23,15,0,Bat
1778392706_5716,24,88,0,StormMage
1778392706_5716,25,53,0,StormMage
1778392706_5716,26,109,0,Bat
1778392706_5716,27,164,0,FireImp
1778392706_5716,28,155,0,StormMage
1778392706_5716,29,172,1,Golem
1778392706_5716,30,154,0,Golem
1778392706_5716,31,87,0,StormMage
1778396306_9014,1,56,0,MissileElite
1778396306_9014,2,44,0,StormMage
1778396306_9014,3,170,0,Wolf
1778396306_9014,4,101,0,Golem
1778396306_9014,5,155,0,Bat
1778396306_9014,6,169,0,Slime
1778396306_9014,7,98,0,Slime
1778396306_9014,8,122,0,SniperElite
1778396306_9014,9,99,0,Skeleton
1778396306_9014,10,88,0,Harpy
1778396306_9014,11,75,0,BurstElite
1778396306_9014,12,135,0,SniperElite
1778396306_9014,13,93,0,Harpy
1778396306_9014,14,208,1,Bat
1778396306_9014,15,106,0,Elder Treant
1778396306_9014,16,331,1,StormMage
1778396306_9014,17,290,1,BurstElite
1778396306_9014,18,104,0,EliteHybrid
1778396306_9014,19,98,0,Skeleton
1778396306_9014,20,174,0,MissileElite
1778396306_9014,21,336,1,FireImp
1778396306_9014,22,161,0,Wraith
1778396306_9014,23,147,0,MissileElite
1778396306_9014,24,107,0,Harpy
1778396306_9014,25,285,1,Elder Treant
1778396306_9014,26,85,0,MissileElite
1778396306_9014,27,146,0,Elder Treant
1778396306_9014,28,102,0,BurstElite
1778396306_9014,29,382,1,BurstElite
1778396306_9014,30,182,0,OmniElite
1778396306_9014,31,95,0,Slime
1778396306_9014,32,92,0,Bat
1778396306_9014,33,134,0,GunnerElite
1778396306_9014,34,333,1,Harpy
1778396306_9014,35,161,0,Elder Treant
1778396306_9014,36,102,0,Elder Treant
1778396306_9014,37,107,0,StormMage
1778396306_9014,38,160,0,GunnerElite
1778396306_9014,39,133,0,Wolf
1778396306_9014,40,93,0,Slime
1778396306_9014,41,163,0,Harpy
1778396306_9014,42,118,0,GunnerElite
1778396306_9014,43,43,0,StormMage
1778396306_9014,44,88,0,Skeleton
1778396306_9014,45,174,0,MissileElite
1778396306_9014,46,104,0,Golem
1778396306_9014,47,78,0,Bat
1778396306_9014,48,138,0,Wolf
1778396306_9014,49,154,0,Elder Treant
1778396306_9014,50,151,0,MissileElite
1778396306_9014,51,181,0,Wraith
1778396306_9014,52,216,0,EliteHybrid
1778396306_9014,53,207,0,SniperElite
1778396306_9014,54,93,0,Harpy
1778396306_9014,55,106,0,SniperElite
1778399906_9509,1,173,1,Bat
1778399906_9509,2,144,1,Golem
1778399906_9509,3,128,0,SniperElite
1778399906_9509,4,106,0,Harpy
1778399906_9509,5,79,0,Wraith
1778399906_9509,6,145,0,BurstElite
1778399906_9509,7,124,0,Harpy
1778399906_9509,8,137,1,Harpy
1778399906_9509,9,195,1,BurstElite
1778399906_9509,10,112,0,EliteHybrid
1778399906_9509,11,137,0,Elder Treant
1778399906_9509,12,77,0,Slime
1778399906_9509,13,252,1,FireImp
1778399906_9509,14,2,1,Slime
1778399906_9509,15,127,1,OmniElite
1778399906_9509,16,147,0,Elder Treant
1778399906_9509,17,155,1,BurstElite
1778399906_9509,18,120,0,Elder Treant
1778399906_9509,19,52,0,Skeleton
1778399906_9509,20,135,0,Harpy
1778399906_9509,21,160,0,FireImp
1778399906_9509,22,67,0,OmniElite
1778399906_9509,23,33,0,MissileElite
1778399906_9509,24,91,0,Golem
1778399906_9509,25,117,0,SniperElite
1778399906_9509,26,93,0,Harpy
1778399906_9509,27,41,0,Harpy
1778399906_9509,28,45,0,Golem
1778399906_9509,29,371,1,Harpy
1778399906_9509,30,92,1,Bat
1778399906_9509,31,146,0,Slime
1778399906_9509,32,51,0,Wolf
1778399906_9509,33,61,0,EliteHybrid
1778399906_9509,34,52,0,Wolf
1778399906_9509,35,145,0,Elder Treant
1778399906_9509,36,77,0,OmniElite
1778399906_9509,37,53,0,Bat
1778399906_9509,38,163,1,FireImp
1778399906_9509,39,83,0,Skeleton
1778399906_9509,40,69,0,Bat
1778399906_9509,41,241,1,EliteHybrid
1778399906_9509,42,103,0,Harpy
1778399906_9509,43,59,0,GunnerElite
1778399906_9509,44,46,0,Golem
1778399906_9509,45,122,0,Slime
1778399906_9509,46,65,0,BurstElite
1778399906_9509,47,92,1,FireImp
1778399906_9509,48,111,0,Skeleton
1778399906_9509,49,92,0,MissileElite
1778403506_3833,1,152,1,GunnerElite
1778403506_3833,2,17,0,Slime
1778403506_3833,3,38,0,SniperElite
1778403506_3833,4,22,0,Wraith
1778403506_3833,5,88,0,Harpy
1778403506_3833,6,74,0,BurstElite
1778403506_3833,7,32,0,Golem
1778403506_3833,8,68,0,Harpy
1778403506_3833,9,108,0,Harpy
1778403506_3833,10,84,0,EliteHybrid
1778403506_3833,11,192,1,SniperElite
1778403506_3833,12,53,0,Golem
1778403506_3833,13,250,1,BurstElite
1778403506_3833,14,94,0,MissileElite
1778403506_3833,15,103,0,Wraith
1778403506_3833,16,85,0,EliteHybrid
1778403506_3833,17,266,1,EliteHybrid
1778403506_3833,18,79,0,Golem
1778403506_3833,19,95,0,OmniElite
1778403506_3833,20,53,0,Wolf
1778403506_3833,21,61,0,Bat
1778403506_3833,22,79,1,GunnerElite
1778403506_3833,23,36,0,Bat
1778403506_3833,24,183,1,Slime
1778403506_3833,25,97,0,OmniElite
1778403506_3833,26,41,0,Elder Treant
1778403506_3833,27,52,0,EliteHybrid
1778403506_3833,28,69,0,BurstElite
1778403506_3833,29,39,0,StormMage
1778403506_3833,30,79,0,MissileElite
1778403506_3833,31,18,0,EliteHybrid
1778403506_3833,32,215,1,Wraith
1778403506_3833,33,67,0,Harpy
1778403506_3833,34,242,1,Wolf
1778403506_3833,35,64,0,Wraith
1778425666_8934,1,12,0,GunnerElite
1778425666_8934,2,11,0,Wolf
1778425666_8934,3,11,0,Wolf
1778425666_8934,4,11,0,GunnerElite
1778425666_8934,5,11,0,GunnerElite
1778425666_8934,6,12,0,Wolf
1778425666_8934,7,12,0,Wolf
1778425666_8934,8,12,0,GunnerElite
1778425666_8934,9,11,0,GunnerElite
1778425666_8934,10,12,0,GunnerElite
1778425666_8934,11,19,1,GunnerElite
1778425666_8934,12,11,0,GunnerElite
1778425666_8934,13,12,0,GunnerElite
1778425666_8934,14,12,0,GunnerElite
1778425666_8934,15,12,0,GunnerElite
1778425666_8934,16,11,0,GunnerElite
1778425666_8934,17,19,1,GunnerElite
1778425666_8934,18,11,0,GunnerElite
1778425666_8934,19,12,0,GunnerElite
1778425666_8934,20,12,0,GunnerElite
1778425666_8934,21,12,0,GunnerElite
1778425666_8934,22,12,0,Wolf
1778425666_8934,23,11,0,Wolf
1778425666_8934,24,12,0,Wolf
1778425666_8934,25,12,0,Wolf
1778425666_8934,26,21,0,Slime
1778425666_8934,27,21,0,Slime
1778425666_8934,28,19,0,Slime
1778425666_8934,29,32,1,Slime
1778425666_8934,30,20,0,Wolf
1778425666_8934,31,20,0,Wolf
1778425666_8934,32,20,0,Wolf
1778425666_8934,33,20,0,Slime
1778425666_8934,34,20,0,Slime
1778425666_8934,35,20,0,Slime
1778425666_8934,36,20,0,Slime
1778425666_8934,37,19,0,Wolf
1778425666_8934,38,19,0,Wolf
1778425666_8934,39,19,0,Wolf
1778425666_8934,40,29,0,Wolf
1778425666_8934,41,27,0,Wolf
1778425666_8934,42,27,0,Wolf
1778425666_8934,43,50,1,Wolf
1778425666_8934,44,52,1,Slime
1778425666_8934,45,18,0,Elder Treant
1778425666_8934,46,18,0,Elder Treant
1778425666_8934,47,25,0,Elder Treant
1778425666_8934,48,28,0,Elder Treant
1778425666_8934,49,20,0,Elder Treant
1778425666_8934,50,20,0,Elder Treant
1778425878_7044,1,15,0,Wolf
1778425878_7044,2,15,0,Slime
1778425878_7044,3,12,0,Wolf
1778425878_7044,4,12,0,Slime
1778425878_7044,5,11,0,Slime
1778425878_7044,6,11,0,Slime
1778425878_7044,7,11,0,Wolf
1778425878_7044,8,12,0,Wolf
1778425878_7044,9,12,0,Slime
1778425878_7044,10,12,0,Slime
1778425878_7044,11,12,0,GunnerElite
1778425878_7044,12,12,0,GunnerElite
1778425878_7044,13,19,1,GunnerElite
1778425878_7044,14,11,0,GunnerElite
1778425878_7044,15,12,0,GunnerElite
1778425878_7044,16,12,0,GunnerElite
1778425878_7044,17,12,0,GunnerElite
1778425878_7044,18,11,0,GunnerElite
1778425878_7044,19,12,0,GunnerElite
1778425878_7044,20,11,0,GunnerElite
1778425878_7044,21,12,0,GunnerElite
1778425878_7044,22,11,0,GunnerElite
1778425878_7044,23,11,0,GunnerElite
1778425878_7044,24,11,0,GunnerElite
1778425878_7044,25,12,0,GunnerElite
1778425878_7044,26,12,0,GunnerElite
1778425878_7044,27,11,0,GunnerElite
1778425878_7044,28,11,0,Wolf
1778425878_7044,29,11,0,Wolf
1778425878_7044,30,19,1,Wolf
1778425878_7044,31,11,0,Wolf
1778425878_7044,32,12,0,GunnerElite
1778425878_7044,33,12,0,GunnerElite
1778425878_7044,34,12,0,Wolf
1778425878_7044,35,12,0,Wolf
1778425878_7044,36,12,0,Wolf
1778425878_7044,37,12,0,Wolf
1778425878_7044,38,12,0,Slime
1778425878_7044,39,12,0,Slime
1778425878_7044,40,21,1,Slime
1778425878_7044,41,11,0,Slime
1778425878_7044,42,19,1,Slime
1778425878_7044,43,12,0,Wolf
1778425878_7044,44,11,0,Wolf
1778425878_7044,45,11,0,Wolf
1778425878_7044,46,12,0,Wolf
1778425878_7044,47,15,0,Wolf
1778425878_7044,48,11,0,Wolf
1778425878_7044,49,11,0,Wolf
1778425878_7044,50,11,0,Slime
